-- phpMyAdmin SQL Dump
-- version 4.6.0
-- http://www.phpmyadmin.net
--
-- Client :  localhost
-- Généré le :  Mar 17 Janvier 2017 à 16:16
-- Version du serveur :  5.7.11
-- Version de PHP :  7.0.0

SET SQL_MODE = "NO_AUTO_VALUE_ON_ZERO";
SET time_zone = "+00:00";


/*!40101 SET @OLD_CHARACTER_SET_CLIENT=@@CHARACTER_SET_CLIENT */;
/*!40101 SET @OLD_CHARACTER_SET_RESULTS=@@CHARACTER_SET_RESULTS */;
/*!40101 SET @OLD_COLLATION_CONNECTION=@@COLLATION_CONNECTION */;
/*!40101 SET NAMES utf8mb4 */;

--
-- Base de données :  `matcha`
--

-- --------------------------------------------------------

CREATE DATABASE matcha;

USE matcha;

--
-- Structure de la table `blocks`

CREATE TABLE `blocks` (
  `id` int(11) NOT NULL,
  `id_blocked` int(11) NOT NULL,
  `id_blocker` int(11) NOT NULL
) ENGINE=InnoDB DEFAULT CHARSET=latin1;

--
-- Contenu de la table `blocks`
--

INSERT INTO `blocks` (`id`, `id_blocked`, `id_blocker`) VALUES
(2, 1, 10);

-- --------------------------------------------------------

--
-- Structure de la table `chat`
--

CREATE TABLE `chat` (
  `id` int(11) NOT NULL,
  `id_poster` int(11) NOT NULL,
  `id_receptor` int(11) NOT NULL,
  `message` text,
  `date_message` datetime NOT NULL
) ENGINE=InnoDB DEFAULT CHARSET=latin1;

--
-- Contenu de la table `chat`
--

INSERT INTO `chat` (`id`, `id_poster`, `id_receptor`, `message`, `date_message`) VALUES
(267, 11, 1, '1', '2017-01-10 16:46:45'),
(268, 1, 11, '2', '2017-01-10 16:46:47'),
(269, 11, 1, '3', '2017-01-10 16:46:50'),
(270, 1, 11, '4', '2017-01-10 16:46:51'),
(271, 11, 1, '5', '2017-01-10 16:47:01'),
(272, 1, 11, '6', '2017-01-10 16:47:06'),
(273, 11, 1, '7', '2017-01-10 16:47:09'),
(274, 1, 11, '8', '2017-01-10 16:47:11'),
(275, 11, 1, '9', '2017-01-10 16:47:14'),
(276, 1, 11, '10', '2017-01-10 16:47:17'),
(277, 11, 1, '11', '2017-01-10 16:47:20'),
(278, 11, 1, '12', '2017-01-10 16:47:21'),
(279, 11, 1, '13', '2017-01-10 16:47:22'),
(280, 1, 11, '14', '2017-01-10 16:47:24'),
(281, 1, 11, '15', '2017-01-10 16:47:25'),
(282, 1, 11, '16', '2017-01-10 16:47:28'),
(283, 11, 1, '17', '2017-01-10 16:47:32'),
(284, 11, 1, '18', '2017-01-10 16:47:32'),
(285, 11, 1, '19', '2017-01-10 16:47:33'),
(286, 11, 1, 'Re', '2017-01-10 16:49:46'),
(287, 1, 11, 'YO ?', '2017-01-10 16:50:09'),
(288, 11, 1, 'Allo', '2017-01-10 16:50:17'),
(289, 1, 11, 'Non ?', '2017-01-13 12:20:23'),
(290, 1, 11, 'ok', '2017-01-13 12:20:25'),
(291, 1, 11, 'SUPERCALUFRAGIRSLGJDFLIGFJGLIFJDSUPERCALUFRAGIRSLGJDFLIGFJGLIFJDSUPERCALUFRAGIRSLGJDFLIGFJGLIFJDSUPERCALUFRAGIRSLGJDFLIGFJGLIFJDSUPERCALUFRAGIRSLGJDFLIGFJGLIFJDSUPERCALUFRAGIRSLGJDFLIGFJGLIFJDSUPERCALUFRAGIRSLGJDFLIGFJGLIFJDSUPERCALUFRAGIRSLGJDFLIGFJGLIFJDSUPERCALUFRAGIRSLGJDFLIGFJGLIFJDSUPERCALUFRAGIRSLGJDFLIGFJGLIFJDSUPERCALUFRAGIRSLGJDFLIGFJGLIFJDSUPERCALUFRAGIRSLGJDFLIGFJGLIFJDSUPERCALUFRAGIRSLGJDFLIGFJGLIFJDSUPERCALUFRAGIRSLGJDFLIGFJGLIFJDSUPERCALUFRAGIRSLGJDFLIGFJGLIFJDSUPERCALUFRAGIRSLGJDFLIGFJGLIFJDSUPERCALUFRAGIRSLGJDFLIGFJGLIFJDSUPERCALUFRAGIRSLGJDFLIGFJGLIFJDSUPERCALUFRAGIRSLGJDFLIGFJGLIFJDSUPERCALUFRAGIRSLGJDFLIGFJGLIFJDSUPERCALUFRAGIRSLGJDFLIGFJGLIFJDSUPERCALUFRAGIRSLGJDFLIGFJGLIFJDSUPERCALUFRAGIRSLGJDFLIGFJGLIFJDSUPERCALUFRAGIRSLGJDFLIGFJGLIFJD', '2017-01-13 12:25:50'),
(292, 1, 11, 'stp', '2017-01-13 13:02:47'),
(293, 1, 11, 'k', '2017-01-13 13:02:56'),
(294, 1, 11, '..', '2017-01-13 13:03:01'),
(295, 1, 11, 'g', '2017-01-13 13:03:08'),
(296, 1, 11, 'g', '2017-01-13 13:03:18'),
(297, 1, 11, 'p', '2017-01-13 13:03:30'),
(298, 1, 11, 'TAMERETAMERETAMERETAMERETAMERETAMERETAMERETAMERETAMERETAMERETAMERETAMERETAMERETAMERETAMERETAMERETAMERETAMERETAMERETAMERETAMERETAMERETAMERETAMERETAMERETAMERETAMERETAMERETAMERETAMERETAMERETAMERETAMERETAMERETAMERETAMERETAMERETAMERETAMERE', '2017-01-13 13:09:45'),
(299, 11, 1, 'TAMERETAMERETAMERETAMERETAMERETAMERETAMERETAMERETAMERETAMERETAMERETAMERETAMERETAMERETAMERETAMERETAMERETAMERETAMERETAMERETAMERETAMERETAMERETAMERETAMERETAMERETAMERETAMERETAMERETAMERETAMERETAMERETAMERETAMERETAMERETAMERETAMERETAMERETAMERETAMERETAMERETAMERETAMERETAMERETAMERETAMERETAMERETAMERETAMERETAMERETAMERETAMERETAMERETAMERETAMERETAMERETAMERETAMERETAMERETAMERETAMERETAMERETAMERETAMERETAMERETAMERETAMERETAMERETAMERETAMERETAMERETAMERETAMERETAMERETAMERETAMERETAMERETAMERE', '2017-01-13 13:09:56'),
(300, 1, 9, 'Salut t&#039;es qui ?', '2017-01-13 14:47:38'),
(301, 9, 1, 'Salut, je suis un admirateur, j&#039;espÃ¨re que je ne dÃ©range pas', '2017-01-13 14:48:04'),
(302, 1, 9, 'Mais vazy dÃ©gage', '2017-01-13 14:48:13'),
(303, 9, 1, 'Ah pardon dÃ©solÃ©', '2017-01-13 14:48:24'),
(304, 1, 9, 'TÃªte que t&#039;as', '2017-01-13 14:48:29'),
(305, 1, 9, 'Je te bloque', '2017-01-13 14:48:59'),
(306, 1, 9, 'Reported', '2017-01-13 14:49:01'),
(307, 1, 9, 'pd', '2017-01-13 14:49:03'),
(308, 1, 9, 'OK OK OKO KO K OK OK OK OK OK O KO KO KOK OK OKO KO K OK OK OK OK OK O KO KO KOK OK OKO KO K OK OK OK OK OK O KO KO KOK OK OKO KO K OK OK OK OK OK O KO KO KOK OK OKO KO K OK OK OK OK OK O KO KO KOK OK OKO KO K OK OK OK OK OK O KO KO KOK OK OKO KO K OK OK OK OK OK O KO KO KOK OK OKO KO K OK OK OK OK OK O KO KO KOK OK OKO KO K OK OK OK OK OK O KO KO KOK OK OKO KO K OK OK OK OK OK O KO KO KOK OK OKO KO K OK OK OK OK OK O KO KO KOK OK OKO KO K OK OK OK OK OK O KO KO KOK OK OKO KO K OK OK OK OK OK O KO KO KOK OK OKO KO K OK OK OK OK OK O KO KO KOK OK OKO KO K OK OK OK OK OK O KO KO KOK OK OKO KO K OK OK OK OK OK O KO KO KOK OK OKO KO K OK OK OK OK OK O KO KO KOK OK OKO KO K OK OK OK OK OK O KO KO KOK OK OKO KO K OK OK OK OK OK O KO KO KOK OK OKO KO K OK OK OK OK OK O KO KO KOK OK OKO KO K OK OK OK OK OK O KO KO KOK OK OKO KO K OK OK OK OK OK O KO KO KOK OK OKO KO K OK OK OK OK OK O KO KO KOK OK OKO KO K OK OK OK OK OK O KO KO KOK OK OKO KO K OK OK OK OK OK O KO KO KOK OK OKO KO K OK OK OK OK OK O KO KO KOK OK OKO KO K OK OK OK OK OK O KO KO KOK OK OKO KO K OK OK OK OK OK O KO KO KOK OK OKO KO K OK OK OK OK OK O KO KO KOK OK OKO KO K OK OK OK OK OK O KO KO KOK OK OKO KO K OK OK OK OK OK O KO KO KOK OK OKO KO K OK OK OK OK OK O KO KO KOK OK OKO KO K OK OK OK OK OK O KO KO KOK OK OKO KO K OK OK OK OK OK O KO KO KOK OK OKO KO K OK OK OK OK OK O KO KO KOK OK OKO KO K OK OK OK OK OK O KO KO KOK OK OKO KO K OK OK OK OK OK O KO KO KOK OK OKO KO K OK OK OK OK OK O KO KO KOK OK OKO KO K OK OK OK OK OK O KO KO KOK OK OKO KO K OK OK OK OK OK O KO KO KOK OK OKO KO K OK OK OK OK OK O KO KO KOK OK OKO KO K OK OK OK OK OK O KO KO KOK OK OKO KO K OK OK OK OK OK O KO KO KOK OK OKO KO K OK OK OK OK OK O KO KO KOK OK OKO KO K OK OK OK OK OK O KO KO KOK OK OKO KO K OK OK OK OK OK O KO KO KOK OK OKO KO K OK OK OK OK OK O KO KO KOK OK OKO KO K OK OK OK OK OK O KO KO KOK OK OKO KO K OK OK OK OK OK O KO KO KOK OK OKO KO K OK OK OK OK OK O KO KO KOK OK OKO KO K OK OK OK OK OK O KO KO KOK OK OKO KO K OK OK OK OK OK O KO KO KOK OK OKO KO K OK OK OK OK OK O KO KO KOK OK OKO KO K OK OK OK OK OK O KO KO KOK OK OKO KO K OK OK OK OK OK O KO KO KOK OK OKO KO K OK OK OK OK OK O KO KO KOK OK OKO KO K OK OK OK OK OK O KO KO KOK OK OKO KO K OK OK OK OK OK O KO KO KOK OK OKO KO K OK OK OK OK OK O KO KO KOK OK OKO KO K OK OK OK OK OK O KO KO KOK OK OKO KO K OK OK OK OK OK O KO KO KOK OK OKO KO K OK OK OK OK OK O KO KO KOK OK OKO KO K OK OK OK OK OK O KO KO KOK OK OKO KO K OK OK OK OK OK O KO KO KOK OK OKO KO K OK OK OK OK OK O KO KO KOK OK OKO KO K OK OK OK OK OK O KO KO KOK OK OKO KO K OK OK OK OK OK O KO KO KOK OK OKO KO K OK OK OK OK OK O KO KO KOK OK OKO KO K OK OK OK OK OK O KO KO KOK OK OKO KO K OK OK OK OK OK O KO KO KOK OK OKO KO K OK OK OK OK OK O KO KO KOK OK OKO KO K OK OK OK OK OK O KO KO KOK OK OKO KO K OK OK OK OK OK O KO KO KOK OK OKO KO K OK OK OK OK OK O KO KO KOK OK OKO KO K OK OK OK OK OK O KO KO KOK OK OKO KO K OK OK OK OK OK O KO KO KOK OK OKO KO K OK OK OK OK OK O KO KO KOK OK OKO KO K OK OK OK OK OK O KO KO KOK OK OKO KO K OK OK OK OK OK O KO KO KOK OK OKO KO K OK OK OK OK OK O KO KO KOK OK OKO KO K OK OK OK OK OK O KO KO KOK OK OKO KO K OK OK OK OK OK O KO KO KOK OK OKO KO K OK OK OK OK OK O KO KO KOK OK OKO KO K OK OK OK OK OK O KO KO KOK OK OKO KO K OK OK OK OK OK O KO KO KOK OK OKO KO K OK OK OK OK OK O KO KO KOK OK OKO KO K OK OK OK OK OK O KO KO KOK OK OKO KO K OK OK OK OK OK O KO KO KOK OK OKO KO K OK OK OK OK OK O KO KO KOK OK OKO KO K OK OK OK OK OK O KO KO KOK OK OKO KO K OK OK OK OK OK O KO KO KOK OK OKO KO K OK OK OK OK OK O KO KO KOK OK OKO KO K OK OK OK OK OK O KO KO KOK OK OKO KO K OK OK OK OK OK O KO KO KOK OK OKO KO K OK OK OK OK OK O KO KO KOK OK OKO KO K OK OK OK OK OK O KO KO KOK OK OKO KO K OK OK OK OK OK O KO KO KOK OK OKO KO K OK OK OK OK OK O KO KO KOK OK OKO KO K OK OK OK OK OK O KO KO KOK OK OKO KO K OK OK OK OK OK O KO KO KOK OK OKO KO K OK OK OK OK OK O KO KO KOK OK OKO KO K OK OK OK OK OK O KO KO KOK OK OKO KO K OK OK OK OK OK O KO KO KOK OK OKO KO K OK OK OK OK OK O KO KO KOK OK OKO KO K OK OK OK OK OK O KO KO KOK OK OKO KO K OK OK OK OK OK O KO KO KOK OK OKO KO K OK OK OK OK OK O KO KO KOK OK OKO KO K OK OK OK OK OK O KO KO KOK OK OKO KO K OK OK OK OK OK O KO KO KOK OK OKO KO K OK OK OK OK OK O KO KO KOK OK OKO KO K OK OK OK OK OK O KO KO KOK OK OKO KO K OK OK OK OK OK O KO KO KOK OK OKO KO K OK OK OK OK OK O KO KO KOK OK OKO KO K OK OK OK OK OK O KO KO KOK OK OKO KO K OK OK OK OK OK O KO KO KOK OK OKO KO K OK OK OK OK OK O KO KO KOK OK OKO KO K OK OK OK OK OK O KO KO KOK OK OKO KO K OK OK OK OK OK O KO KO KOK OK OKO KO K OK OK OK OK OK O KO KO KOK OK OKO KO K OK OK OK OK OK O KO KO KOK OK OKO KO K OK OK OK OK OK O KO KO KOK OK OKO KO K OK OK OK OK OK O KO KO KOK OK OKO KO K OK OK OK OK OK O KO KO KOK OK OKO KO K OK OK OK OK OK O KO KO KOK OK OKO KO K OK OK OK OK OK O KO KO KOK OK OKO KO K OK OK OK OK OK O KO KO KOK OK OKO KO K OK OK OK OK OK O KO KO KOK OK OKO KO K OK OK OK OK OK O KO KO KOK OK OKO KO K OK OK OK OK OK O KO KO KOK OK OKO KO K OK OK OK OK OK O KO KO KOK OK OKO KO K OK OK OK OK OK O KO KO KOK OK OKO KO K OK OK OK OK OK O KO KO KOK OK OKO KO K OK OK OK OK OK O KO KO KOK OK OKO KO K OK OK OK OK OK O KO KO KOK OK OKO KO K OK OK OK OK OK O KO KO KOK OK OKO KO K OK OK OK OK OK O KO KO KOK OK OKO KO K OK OK OK OK OK O KO KO KOK OK OKO KO K OK OK OK OK OK O KO KO KOK OK OKO KO K OK OK OK OK OK O KO KO KOK OK OKO KO K OK OK OK OK OK O KO KO KOK OK OKO KO K OK OK OK OK OK O KO KO KOK OK OKO KO K OK OK OK OK OK O KO KO KOK OK OKO KO K OK OK OK OK OK O KO KO KOK OK OKO KO K OK OK OK OK OK O KO KO KOK OK OKO KO K OK OK OK OK OK O KO KO KOK OK OKO KO K OK OK OK OK OK O KO KO KOK OK OKO KO K OK OK OK OK OK O KO KO KOK OK OKO KO K OK OK OK OK OK O KO KO KOK OK OKO KO K OK OK OK OK OK O KO KO KOK OK OKO KO K OK OK OK OK OK O KO KO KOK OK OKO KO K OK OK OK OK OK O KO KO KOK OK OKO KO K OK OK OK OK OK O KO KO KOK OK OKO KO K OK OK OK OK OK O KO KO KOK OK OKO KO K OK OK OK OK OK O KO KO KOK OK OKO KO K OK OK OK OK OK O KO KO KOK OK OKO KO K OK OK OK OK OK O KO KO KOK OK OKO KO K OK OK OK OK OK O KO KO KOK OK OKO KO K OK OK OK OK OK O KO KO KOK OK OKO KO K OK OK OK OK OK O KO KO KOK OK OKO KO K OK OK OK OK OK O KO KO KOK OK OKO KO K OK OK OK OK OK O KO KO KOK OK OKO KO K OK OK OK OK OK O KO KO KOK OK OKO KO K OK OK OK OK OK O KO KO KOK OK OKO KO K OK OK OK OK OK O KO KO KOK OK OKO KO K OK OK OK OK OK O KO KO KOK OK OKO KO K OK OK OK OK OK O KO KO KOK OK OKO KO K OK OK OK OK OK O KO KO KOK OK OKO KO K OK OK OK OK OK O KO KO KOK OK OKO KO K OK OK OK OK OK O KO KO KOK OK OKO KO K OK OK OK OK OK O KO KO KOK OK OKO KO K OK OK OK OK OK O KO KO KOK OK OKO KO K OK OK OK OK OK O KO KO KOK OK OKO KO K OK OK OK OK OK O KO KO KOK OK OKO KO K OK OK OK OK OK O KO KO KOK OK OKO KO K OK OK OK OK OK O KO KO KOK OK OKO KO K OK OK OK OK OK O KO KO KOK OK OKO KO K OK OK OK OK OK O KO KO KOK OK OKO KO K OK OK OK OK OK O KO KO KOK OK OKO KO K OK OK OK OK OK O KO KO KOK OK OKO KO K OK OK OK OK OK O KO KO KOK OK OKO KO K OK OK OK OK OK O KO KO KOK OK OKO KO K OK OK OK OK OK O KO KO KOK OK OKO KO K OK OK OK OK OK O KO KO KOK OK OKO KO K OK OK OK OK OK O KO KO KOK OK OKO KO K OK OK OK OK OK O KO KO KOK OK OKO KO K OK OK OK OK OK O KO KO KOK OK OKO KO K OK OK OK OK OK O KO KO KOK OK OKO KO K OK OK OK OK OK O KO KO KOK OK OKO KO K OK OK OK OK OK O KO KO KOK OK OKO KO K OK OK OK OK OK O KO KO KOK OK OKO KO K OK OK OK OK OK O KO KO KOK OK OKO KO K OK OK OK OK OK O KO KO KOK OK OKO KO K OK OK OK OK OK O KO KO KOK OK OKO KO K OK OK OK OK OK O KO KO KOK OK OKO KO K OK OK OK OK OK O KO KO KOK OK OKO KO K OK OK OK OK OK O KO KO KOK OK OKO KO K OK OK OK OK OK O KO KO KOK OK OKO KO K OK OK OK OK OK O KO KO KOK OK OKO KO K OK OK OK OK OK O KO KO KOK OK OKO KO K OK OK OK OK OK O KO KO KOK OK OKO KO K OK OK OK OK OK O KO KO KOK OK OKO KO K OK OK OK OK OK O KO KO KOK OK OKO KO K OK OK OK OK OK O KO KO KOK OK OKO KO K OK OK OK OK OK O KO KO KOK OK OKO KO K OK OK OK OK OK O KO KO KOK OK OKO KO K OK OK OK OK OK O KO KO KOK OK OKO KO K OK OK OK OK OK O KO KO KOK OK OKO KO K OK OK OK OK OK O KO KO KOK OK OKO KO K OK OK OK OK OK O KO KO KOK OK OKO KO K OK OK OK OK OK O KO KO KOK OK OKO KO K OK OK OK OK OK O KO KO KOK OK OKO KO K OK OK OK OK OK O KO KO KOK OK OKO KO K OK OK OK OK OK O KO KO KOK OK OKO KO K OK OK OK OK OK O KO KO KOK OK OKO KO K OK OK OK OK OK O KO KO KOK OK OKO KO K OK OK OK OK OK O KO KO KOK OK OKO KO K OK OK OK OK OK O KO KO KOK OK OKO KO K OK OK OK OK OK O KO KO KOK OK OKO KO K OK OK OK OK OK O KO KO KOK OK OKO KO K OK OK OK OK OK O KO KO KOK OK OKO KO K OK OK OK OK OK O KO KO KOK OK OKO KO K OK OK OK OK OK O KO KO KOK OK OKO KO K OK OK OK OK OK O KO KO KOK OK OKO KO K OK OK OK OK OK O KO KO KOK OK OKO KO K OK OK OK OK OK O KO KO KOK OK OKO KO K OK OK OK OK OK O KO KO KOK OK OKO KO K OK OK OK OK OK O KO KO KOK OK OKO KO K OK OK OK OK OK O KO KO KOK OK OKO KO K OK OK OK OK OK O KO KO KOK OK OKO KO K OK OK OK OK OK O KO KO KOK OK OKO KO K OK OK OK OK OK O KO KO KOK OK OKO KO K OK OK OK OK OK O KO KO KOK OK OKO KO K OK OK OK OK OK O KO KO KOK OK OKO KO K OK OK OK OK OK O KO KO KOK OK OKO KO K OK OK OK OK OK O KO KO KOK OK OKO KO K OK OK OK OK OK O KO KO KOK OK OKO KO K OK OK OK OK OK O KO KO KOK OK OKO KO K OK OK OK OK OK O KO KO KOK OK OKO KO K OK OK OK OK OK O KO KO KOK OK OKO KO K OK OK OK OK OK O KO KO KOK OK OKO KO K OK OK OK OK OK O KO KO KOK OK OKO KO K OK OK OK OK OK O KO KO KOK OK OKO KO K OK OK OK OK OK O KO KO KOK OK OKO KO K OK OK OK OK OK O KO KO KOK OK OKO KO K OK OK OK OK OK O KO KO KOK OK OKO KO K OK OK OK OK OK O KO KO KOK OK OKO KO K OK OK OK OK OK O KO KO KOK OK OKO KO K OK OK OK OK OK O KO KO KOK OK OKO KO K OK OK OK OK OK O KO KO KOK OK OKO KO K OK OK OK OK OK O KO KO KOK OK OKO KO K OK OK OK OK OK O KO KO KOK OK OKO KO K OK OK OK OK OK O KO KO KOK OK OKO KO K OK OK OK OK OK O KO KO KOK OK OKO KO K OK OK OK OK OK O KO KO KOK OK OKO KO K OK OK OK OK OK O KO KO KOK OK OKO KO K OK OK OK OK OK O KO KO KOK OK OKO KO K OK OK OK OK OK O KO KO KOK OK OKO KO K OK OK OK OK OK O KO KO KOK OK OKO KO K OK OK OK OK OK O KO KO KOK OK OKO KO K OK OK OK OK OK O KO KO KOK OK OKO KO K OK OK OK OK OK O KO KO KOK OK OKO KO K OK OK OK OK OK O KO KO KOK OK OKO KO K OK OK OK OK OK O KO KO KOK OK OKO KO K OK OK OK OK OK O KO KO KOK OK OKO KO K OK OK OK OK OK O KO KO KOK OK OKO KO K OK OK OK OK OK O KO KO KOK OK OKO KO K OK OK OK OK OK O KO KO KOK OK OKO KO K OK OK OK OK OK O KO KO KOK OK OKO KO K OK OK OK OK OK O KO KO KOK OK OKO KO K OK OK OK OK OK O KO KO KOK OK OKO KO K OK OK OK OK OK O KO KO KOK OK OKO KO K OK OK OK OK OK O KO KO KOK OK OKO KO K OK OK OK OK OK O KO KO KOK OK OKO KO K OK OK OK OK OK O KO KO KOK OK OKO KO K OK OK OK OK OK O KO KO KOK OK OKO KO K OK OK OK OK OK O KO KO KOK OK OKO KO K OK OK OK OK OK O KO KO KOK OK OKO KO K OK OK OK OK OK O KO KO KOK OK OKO KO K OK OK OK OK OK O KO KO KOK OK OKO KO K OK OK OK OK OK O KO KO KOK OK OKO KO K OK OK OK OK OK O KO KO KOK OK OKO KO K OK OK OK OK OK O KO KO KOK OK OKO KO K OK OK OK OK OK O KO KO KOK OK OKO KO K OK OK OK OK OK O KO KO KOK OK OKO KO K OK OK OK OK OK O KO KO KOK OK OKO KO K OK OK OK OK OK O KO KO KOK OK OKO KO K OK OK OK OK OK O KO KO KOK OK OKO KO K OK OK OK OK OK O KO KO KOK OK OKO KO K OK OK OK OK OK O KO KO KOK OK OKO KO K OK OK OK OK OK O KO KO KOK OK OKO KO K OK OK OK OK OK O KO KO KOK OK OKO KO K OK OK OK OK OK O KO KO KOK OK OKO KO K OK OK OK OK OK O KO KO KOK OK OKO KO K OK OK OK OK OK O KO KO KOK OK OKO KO K OK OK OK OK OK O KO KO KOK OK OKO KO K OK OK OK OK OK O KO KO KOK OK OKO KO K OK OK OK OK OK O KO KO KOK OK OKO KO K OK OK OK OK OK O KO KO KOK OK OKO KO K OK OK OK OK OK O KO KO KOK OK OKO KO K OK OK OK OK OK O KO KO KOK OK OKO KO K OK OK OK OK OK O KO KO KOK OK OKO KO K OK OK OK OK OK O KO KO KOK OK OKO KO K OK OK OK OK OK O KO KO KOK OK OKO KO K OK OK OK OK OK O KO KO KOK OK OKO KO K OK OK OK OK OK O KO KO KOK OK OKO KO K OK OK OK OK OK O KO KO KOK OK OKO KO K OK OK OK OK OK O KO KO KOK OK OKO KO K OK OK OK OK OK O KO KO KOK OK OKO KO K OK OK OK OK OK O KO KO KOK OK OKO KO K OK OK OK OK OK O KO KO KOK OK OKO KO K OK OK OK OK OK O KO KO KOK OK OKO KO K OK OK OK OK OK O KO KO KOK OK OKO KO K OK OK OK OK OK O KO KO KOK OK OKO KO K OK OK OK OK OK O KO KO KOK OK OKO KO K OK OK OK OK OK O KO KO KOK OK OKO KO K OK OK OK OK OK O KO KO KOK OK OKO KO K OK OK OK OK OK O KO KO KOK OK OKO KO K OK OK OK OK OK O KO KO KOK OK OKO KO K OK OK OK OK OK O KO KO KOK OK OKO KO K OK OK OK OK OK O KO KO KOK OK OKO KO K OK OK OK OK OK O KO KO KOK OK OKO KO K OK OK OK OK OK O KO KO KOK OK OKO KO K OK OK OK OK OK O KO KO KOK OK OKO KO K OK OK OK OK OK O KO KO KOK OK OKO KO K OK OK OK OK OK O KO KO KOK OK OKO KO K OK OK OK OK OK O KO KO KOK OK OKO KO K OK OK OK OK OK O KO KO KOK OK OKO KO K OK OK OK OK OK O KO KO KOK OK OKO KO K OK OK OK OK OK O KO KO KOK OK OKO KO K OK OK OK OK OK O KO KO KOK OK OKO KO K OK OK OK OK OK O KO KO KOK OK OKO KO K OK OK OK OK OK O KO KO KOK OK OKO KO K OK OK OK OK OK O KO KO KOK OK OKO KO K OK OK OK OK OK O KO KO KOK OK OKO KO K OK OK OK OK OK O KO KO KOK OK OKO KO K OK OK OK OK OK O KO KO KOK OK OKO KO K OK OK OK OK OK O KO KO KOK OK OKO KO K OK OK OK OK OK O KO KO KOK OK OKO KO K OK OK OK OK OK O KO KO KOK OK OKO KO K OK OK OK OK OK O KO KO KOK OK OKO KO K OK OK OK OK OK O KO KO KOK OK OKO KO K OK OK OK OK OK O KO KO KOK OK OKO KO K OK OK OK OK OK O KO KO KOK OK OKO KO K OK OK OK OK OK O KO KO KOK OK OKO KO K OK OK OK OK OK O KO KO KOK OK OKO KO K OK OK OK OK OK O KO KO KOK OK OKO KO K OK OK OK OK OK O KO KO KOK OK OKO KO K OK OK OK OK OK O KO KO KOK OK OKO KO K OK OK OK OK OK O KO KO KOK OK OKO KO K OK OK OK OK OK O KO KO KOK OK OKO KO K OK OK OK OK OK O KO KO KOK OK OKO KO K OK OK OK OK OK O KO KO KOK OK OKO KO K OK OK OK OK OK O KO KO KOK OK OKO KO K OK OK OK OK OK O KO KO KOK OK OKO KO K OK OK OK OK OK O KO KO KOK OK OKO KO K OK OK OK OK OK O KO KO KOK OK OKO KO K OK OK OK OK OK O KO KO KOK OK OKO KO K OK OK OK OK OK O KO KO KOK OK OKO KO K OK OK OK OK OK O KO KO KOK OK OKO KO K OK OK OK OK OK O KO KO KOK OK OKO KO K OK OK OK OK OK O KO KO KOK OK OKO KO K OK OK OK OK OK O KO KO KOK OK OKO KO K OK OK OK OK OK O KO KO KOK OK OKO KO K OK OK OK OK OK O KO KO KOK OK OKO KO K OK OK OK OK OK O KO KO KOK OK OKO KO K OK OK OK OK OK O KO KO KOK OK OKO KO K OK OK OK OK OK O KO KO KOK OK OKO KO K OK OK OK OK OK O KO KO KOK OK OKO KO K OK OK OK OK OK O KO KO KOK OK OKO KO K OK OK OK OK OK O KO KO KOK OK OKO KO K OK OK OK OK OK O KO KO KOK OK OKO KO K OK OK OK OK OK O KO KO KOK OK OKO KO K OK OK OK OK OK O KO KO KOK OK OKO KO K OK OK OK OK OK O KO KO KOK OK OKO KO K OK OK OK OK OK O KO KO KOK OK OKO KO K OK OK OK OK OK O KO KO KOK OK OKO KO K OK OK OK OK OK O KO KO KOK OK OKO KO K OK OK OK OK OK O KO KO KOK OK OKO KO K OK OK OK OK OK O KO KO KOK OK OKO KO K OK OK OK OK OK O KO KO KOK OK OKO KO K OK OK OK OK OK O KO KO KOK OK OKO KO K OK OK OK OK OK O KO KO KOK OK OKO KO K OK OK OK OK OK O KO KO KOK OK OKO KO K OK OK OK OK OK O KO KO KOK OK OKO KO K OK OK OK OK OK O KO KO KOK OK OKO KO K OK OK OK OK OK O KO KO KOK OK OKO KO K OK OK OK OK OK O KO KO KOK OK OKO KO K OK OK OK OK OK O KO KO KOK OK OKO KO K OK OK OK OK OK O KO KO KOK OK OKO KO K OK OK OK OK OK O KO KO KOK OK OKO KO K OK OK OK OK OK O KO KO KOK OK OKO KO K OK OK OK OK OK O KO KO KOK OK OKO KO K OK OK OK OK OK O KO KO KOK OK OKO KO K OK OK OK OK OK O KO KO KOK OK OKO KO K OK OK OK OK OK O KO KO KOK OK OKO KO K OK OK OK OK OK O KO KO KOK OK OKO KO K OK OK OK OK OK O KO KO KOK OK OKO KO K OK OK OK OK OK O KO KO KOK OK OKO KO K OK OK OK OK OK O KO KO KOK OK OKO KO K OK OK OK OK OK O KO KO KOK OK OKO KO K OK OK OK OK OK O KO KO KOK OK OKO KO K OK OK OK OK OK O KO KO KOK OK OKO KO K OK OK OK OK OK O KO KO KOK OK OKO KO K OK OK OK OK OK O KO KO KOK OK OKO KO K OK OK OK OK OK O KO KO KOK OK OKO KO K OK OK OK OK OK O KO KO KOK OK OKO KO K OK OK OK OK OK O KO KO KOK OK OKO KO K OK OK OK OK OK O KO KO KOK OK OKO KO K OK OK OK OK OK O KO KO KOK OK OKO KO K OK OK OK OK OK O KO KO KOK OK OKO KO K OK OK OK OK OK O KO KO KOK OK OKO KO K OK OK OK OK OK O KO KO KOK OK OKO KO K OK OK OK OK OK O KO KO KOK OK OKO KO K OK OK OK OK OK O KO KO KOK OK OKO KO K OK OK OK OK OK O KO KO KOK OK OKO KO K OK OK OK OK OK O KO KO KOK OK OKO KO K OK OK OK OK OK O KO KO KOK OK OKO KO K OK OK OK OK OK O KO KO KOK OK OKO KO K OK OK OK OK OK O KO KO KOK OK OKO KO K OK OK OK OK OK O KO KO KOK OK OKO KO K OK OK OK OK OK O KO KO KOK OK OKO KO K OK OK OK OK OK O KO KO KOK OK OKO KO K OK OK OK OK OK O KO KO KOK OK OKO KO K OK OK OK OK OK O KO KO KOK OK OKO KO K OK OK OK OK OK O KO KO KOK OK OKO KO K OK OK OK OK OK O KO KO KOK OK OKO KO K OK OK OK OK OK O KO KO KOK OK OKO KO K OK OK OK OK OK O KO KO KOK OK OKO KO K OK OK OK OK OK O KO KO KOK OK OKO KO K OK OK OK OK OK O KO KO KOK OK OKO KO K OK OK OK OK OK O KO KO KOK OK OKO KO K OK OK OK OK OK O KO KO KOK OK OKO KO K OK OK OK OK OK O KO KO KOK OK OKO KO K OK OK OK OK OK O KO KO KOK OK OKO KO K OK OK OK OK OK O KO KO KOK OK OKO KO K OK OK OK OK OK O KO KO KOK OK OKO KO K OK OK OK OK OK O KO KO KOK OK OKO KO K OK OK OK OK OK O KO KO KOK OK OKO KO K OK OK OK OK OK O KO KO KOK OK OKO KO K OK OK OK OK OK O KO KO KOK OK OKO KO K OK OK OK OK OK O KO KO KOK OK OKO KO K OK OK OK OK OK O KO KO KOK OK OKO KO K OK OK OK OK OK O KO KO KOK OK OKO KO K OK OK OK OK OK O KO KO KOK OK OKO KO K OK OK OK OK OK O KO KO KOK OK OKO KO K OK OK OK OK OK O KO KO KOK OK OKO KO K OK OK OK OK OK O KO KO KOK OK OKO KO K OK OK OK OK OK O KO KO KOK OK OKO KO K OK OK OK OK OK O KO KO KOK OK OKO KO K OK OK OK OK OK O KO KO KOK OK OKO KO K OK OK OK OK OK O KO KO KOK OK OKO KO K OK OK OK OK OK O KO KO KOK OK OKO KO K OK OK OK OK OK O KO KO KOK OK OKO KO K OK OK OK OK OK O KO KO KOK OK OKO KO K OK OK OK OK OK O KO KO KOK OK OKO KO K OK OK OK OK OK O KO KO KOK OK OKO KO K OK OK OK OK OK O KO KO KOK OK OKO KO K OK OK OK OK OK O KO KO KOK OK OKO KO K OK OK OK OK OK O KO KO KOK OK OKO KO K OK OK OK OK OK O KO KO KOK OK OKO KO K OK OK OK OK OK O KO KO KOK OK OKO KO K OK OK OK OK OK O KO KO KOK OK OKO KO K OK OK OK OK OK O KO KO KOK OK OKO KO K OK OK OK OK OK O KO KO KOK OK OKO KO K OK OK OK OK OK O KO KO KOK OK OKO KO K OK OK OK OK OK O KO KO KOK OK OKO KO K OK OK OK OK OK O KO KO KOK OK OKO KO K OK OK OK OK OK O KO KO KOK OK OKO KO K OK OK OK OK OK O KO KO KOK OK OKO KO K OK OK OK OK OK O KO KO KOK OK OKO KO K OK OK OK OK OK O KO KO KOK OK OKO KO K OK OK OK OK OK O KO KO KOK OK OKO KO K OK OK OK OK OK O KO KO KOK OK OKO KO K OK OK OK OK OK O KO KO KOK OK OKO KO K OK OK OK OK OK O KO KO KOK OK OKO KO K OK OK OK OK OK O KO KO KOK OK OKO KO K OK OK OK OK OK O KO KO KOK OK OKO KO K OK OK OK OK OK O KO KO KOK OK OKO KO K OK OK OK OK OK O KO KO KOK OK OKO KO K OK OK OK OK OK O KO KO KOK OK OKO KO K OK OK OK OK OK O KO KO KOK OK OKO KO K OK OK OK OK OK O KO KO KOK OK OKO KO K OK OK OK OK OK O KO KO KOK OK OKO KO K OK OK OK OK OK O KO KO KOK OK OKO KO K OK OK OK OK OK O KO KO KOK OK OKO KO K OK OK OK OK OK O KO KO KOK OK OKO KO K OK OK OK OK OK O KO KO KOK OK OKO KO K OK OK OK OK OK O KO KO KOK OK OKO KO K OK OK OK OK OK O KO KO KOK OK OKO KO K OK OK OK OK OK O KO KO KOK OK OKO KO K OK OK OK OK OK O KO KO KOK OK OKO KO K OK OK OK OK OK O KO KO KOK OK OKO KO K OK OK OK OK OK O KO KO KOK OK OKO KO K OK OK OK OK OK O KO KO KOK OK OKO KO K OK OK OK OK OK O KO KO KOK OK OKO KO K OK OK OK OK OK O KO KO KOK OK OKO KO K OK OK OK OK OK O KO KO KOK OK OKO KO K OK OK OK OK OK O KO KO KOK OK OKO KO K OK OK OK OK OK O KO KO KOK OK OKO KO K OK OK OK OK OK O KO KO KOK OK OKO KO K OK OK OK OK OK O KO KO KOK OK OKO KO K OK OK OK OK OK O KO KO KOK OK OKO KO K OK OK OK OK OK O KO KO KOK OK OKO KO K OK OK OK OK OK O KO KO KOK OK OKO KO K OK OK OK OK OK O KO KO KOK OK OKO KO K OK OK OK OK OK O KO KO KOK OK OKO KO K OK OK OK OK OK O KO KO KOK OK OKO KO K OK OK OK OK OK O KO KO KOK OK OKO KO K OK OK OK OK OK O KO KO KOK OK OKO KO K OK OK OK OK OK O KO KO KOK OK OKO KO K OK OK OK OK OK O KO KO KOK OK OKO KO K OK OK OK OK OK O KO KO KOK OK OKO KO K OK OK OK OK OK O KO KO KOK OK OKO KO K OK OK OK OK OK O KO KO KOK OK OKO KO K OK OK OK OK OK O KO KO KOK OK OKO KO K OK OK OK OK OK O KO KO KOK OK OKO KO K OK OK OK OK OK O KO KO KOK OK OKO KO K OK OK OK OK OK O KO KO KOK OK OKO KO K OK OK OK OK OK O KO KO KOK OK OKO KO K OK OK OK OK OK O KO KO KOK OK OKO KO K OK OK OK OK OK O KO KO KOK OK OKO KO K OK OK OK OK OK O KO KO KOK OK OKO KO K OK OK OK OK OK O KO KO KOK OK OKO KO K OK OK OK OK OK O KO KO KOK OK OKO KO K OK OK OK OK OK O KO KO KOK OK OKO KO K OK OK OK OK OK O KO KO KOK OK OKO KO K OK OK OK OK OK O KO KO KOK OK OKO KO K OK OK OK OK OK O KO KO KOK OK OKO KO K OK OK OK OK OK O KO KO KOK OK OKO KO K OK OK OK OK OK O KO KO KOK OK OKO KO K OK OK OK OK OK O KO KO KOK OK OKO KO K OK OK OK OK OK O KO KO KOK OK OKO KO K OK OK OK OK OK O KO KO KOK OK OKO KO K OK OK OK OK OK O KO KO KOK OK OKO KO K OK OK OK OK OK O KO KO KOK OK OKO KO K OK OK OK OK OK O KO KO KOK OK OKO KO K OK OK OK OK OK O KO KO KOK OK OKO KO K OK OK OK OK OK O KO KO KOK OK OKO KO K OK OK OK OK OK O KO KO KOK OK OKO KO K OK OK OK OK OK O KO KO KOK OK OKO KO K OK OK OK OK OK O KO KO KOK OK OKO KO K OK OK OK OK OK O KO KO KOK OK OKO KO K OK OK OK OK OK O KO KO KOK OK OKO KO K OK OK OK OK OK O KO KO KOK OK OKO KO K OK OK OK OK OK O KO KO KOK OK OKO KO K OK OK OK OK OK O KO KO KOK OK OKO KO K OK OK OK OK OK O KO KO KOK OK OKO KO K OK OK OK OK OK O KO KO KOK OK OKO KO K OK OK OK OK OK O KO KO KOK OK OKO KO K OK OK OK OK OK O KO KO KOK OK OKO KO K OK OK OK OK OK O KO KO KOK OK OKO KO K OK OK OK OK OK O KO KO KOK OK OKO KO K OK OK OK OK OK O KO KO KOK OK OKO KO K OK OK OK OK OK O KO KO KOK OK OKO KO K OK OK OK OK OK O KO KO KOK OK OKO KO K OK OK OK OK OK O KO KO KOK OK OKO KO K OK OK OK OK OK O KO KO KOK OK OKO KO K OK OK OK OK OK O KO KO KOK OK OKO KO K OK OK OK OK OK O KO KO KOK OK OKO KO K OK OK OK OK OK O KO KO KOK OK OKO KO K OK OK OK OK OK O KO KO KOK OK OKO KO K OK OK OK OK OK O KO KO KOK OK OKO KO K OK OK OK OK OK O KO KO KOK OK OKO KO K OK OK OK OK OK O KO KO KOK OK OKO KO K OK OK OK OK OK O KO KO KOK OK OKO KO K OK OK OK OK OK O KO KO KOK OK OKO KO K OK OK OK OK OK O KO KO KOK OK OKO KO K OK OK OK OK OK O KO KO KOK OK OKO KO K OK OK OK OK OK O KO KO KOK OK OKO KO K OK OK OK OK OK O KO KO KOK OK OKO KO K OK OK OK OK OK O KO KO KOK OK OKO KO K OK OK OK OK OK O KO KO KOK OK OKO KO K OK OK OK OK OK O KO KO KOK OK OKO KO K OK OK OK OK OK O KO KO KOK OK OKO KO K OK OK OK OK OK O KO KO KOK OK OKO KO K OK OK OK OK OK O KO KO KOK OK OKO KO K OK OK OK OK OK O KO KO KOK OK OKO KO K OK OK OK OK OK O KO KO KOK OK OKO KO K OK OK OK OK OK O KO KO KOK OK OKO KO K OK OK OK OK OK O KO KO KOK OK OKO KO K OK OK OK OK OK O KO KO KOK OK OKO KO K OK OK OK OK OK O KO KO KOK OK OKO KO K OK OK OK OK OK O KO KO KOK OK OKO KO K OK OK OK OK OK O KO KO KOK OK OKO KO K OK OK OK OK OK O KO KO KOK OK OKO KO K OK OK OK OK OK O KO KO KOK OK OKO KO K OK OK OK OK OK O KO KO KOK OK OKO KO K OK OK OK OK OK O KO KO KOK OK OKO KO K OK OK OK OK OK O KO KO KOK OK OKO KO K OK OK OK OK OK O KO KO KOK OK OKO KO K OK OK OK OK OK O KO KO KOK OK OKO KO K OK OK OK OK OK O KO KO KOK OK OKO KO K OK OK OK OK OK O KO KO KOK OK OKO KO K OK OK OK OK OK O KO KO KOK OK OKO KO K OK OK OK OK OK O KO KO KOK OK OKO KO K OK OK OK OK OK O KO KO KOK OK OKO KO K OK OK OK OK OK O KO KO KOK OK OKO KO K OK OK OK OK OK O KO KO KOK OK OKO KO K OK OK OK OK OK O KO KO KOK OK OKO KO K OK OK OK OK OK O KO KO KOK OK OKO KO K OK OK OK OK OK O KO KO KOK OK OKO KO K OK OK OK OK OK O KO KO KOK OK OKO KO K OK OK OK OK OK O KO KO KOK OK OKO KO K OK OK OK OK OK O KO KO KOK OK OKO KO K OK OK OK OK OK O KO KO KOK OK OKO KO K OK OK OK OK OK O KO KO KOK OK OKO KO K OK OK OK OK OK O KO KO KOK OK OKO KO K OK OK OK OK OK O KO KO KOK OK OKO KO K OK OK OK OK OK O KO KO KOK OK OKO KO K OK OK OK OK OK O KO KO KOK OK OKO KO K OK OK OK OK OK O KO KO KOK OK OKO KO K OK OK OK OK OK O KO KO KOK OK OKO KO K OK OK OK OK OK O KO KO KOK OK OKO KO K OK OK OK OK OK O KO KO KOK OK OKO KO K OK OK OK OK OK O KO KO KOK OK OKO KO K OK OK OK OK OK O KO KO KOK OK OKO KO K OK OK OK OK OK O KO KO KOK OK OKO KO K OK OK OK OK OK O KO KO KOK OK OKO KO K OK OK OK OK OK O KO KO KOK OK OKO KO K OK OK OK OK OK O KO KO KOK OK OKO KO K OK OK OK OK OK O KO KO KOK OK OKO KO K OK OK OK OK OK O KO KO KOK OK OKO KO K OK OK OK OK OK O KO KO KOK OK OKO KO K OK OK OK OK OK O KO KO KOK OK OKO KO K OK OK OK OK OK O KO KO KOK OK OKO KO K OK OK OK OK OK O KO KO KOK OK OKO KO K OK OK OK OK OK O KO KO KOK OK OKO KO K OK OK OK OK OK O KO KO KOK OK OKO KO K OK OK OK OK OK O KO KO KOK OK OKO KO K OK OK OK OK OK O KO KO KOK OK OKO KO K OK OK OK OK OK O KO KO KOK OK OKO KO K OK OK OK OK OK O KO KO KOK OK OKO KO K OK OK OK OK OK O KO KO KOK OK OKO KO K OK OK OK OK OK O KO KO KOK OK OKO KO K OK OK OK OK OK O KO KO KOK OK OKO KO K OK OK OK OK OK O KO KO KOK OK OKO KO K OK OK OK OK OK O KO KO KOK OK OKO KO K OK OK OK OK OK O KO KO KOK OK OKO KO K OK OK OK OK OK O KO KO KOK OK OKO KO K OK OK OK OK OK O KO KO KOK OK OKO KO K OK OK OK OK OK O KO KO KOK OK OKO KO K OK OK OK OK OK O KO KO KOK OK OKO KO K OK OK OK OK OK O KO KO KOK OK OKO KO K OK OK OK OK OK O KO KO KOK OK OKO KO K OK OK OK OK OK O KO KO KOK OK OKO KO K OK OK OK OK OK O KO KO KOK OK OKO KO K OK OK OK OK OK O KO KO KOK OK OKO KO K OK OK OK OK OK O KO KO KOK OK OKO KO K OK OK OK OK OK O KO KO KOK OK OKO KO K OK OK OK OK OK O KO KO KOK OK OKO KO K OK OK OK OK OK O KO KO KOK OK OKO KO K OK OK OK OK OK O KO KO KOK OK OKO KO K OK OK OK OK OK O KO KO KOK OK OKO KO K OK OK OK OK OK O KO KO KOK OK OKO KO K OK OK OK OK OK O KO KO KOK OK OKO KO K OK OK OK OK OK O KO KO KOK OK OKO KO K OK OK OK OK OK O KO KO KOK OK OKO KO K OK OK OK OK OK O KO KO KOK OK OKO KO K OK OK OK OK OK O KO KO KOK OK OKO KO K OK OK OK OK OK O KO KO KOK OK OKO KO K OK OK OK OK OK O KO KO KOK OK OKO KO K OK OK OK OK OK O KO KO KOK OK OKO KO K OK OK OK OK OK O KO KO KOK OK OKO KO K OK OK OK OK OK O KO KO KOK OK OKO KO K OK OK OK OK OK O KO KO KOK OK OKO KO K OK OK OK OK OK O KO KO KOK OK OKO KO K OK OK OK OK OK O KO KO KOK OK OKO KO K OK OK OK OK OK O KO KO KOK OK OKO KO K OK OK OK OK OK O KO KO KOK OK OKO KO K OK OK OK OK OK O KO KO KOK OK OKO KO K OK OK OK OK OK O KO KO KOK OK OKO KO K OK OK OK OK OK O KO KO KOK OK OKO KO K OK OK OK OK OK O KO KO KOK OK OKO KO K OK OK OK OK OK O KO KO KOK OK OKO KO K OK OK OK OK OK O KO KO KOK OK OKO KO K OK OK OK OK OK O KO KO KOK OK OKO KO K OK OK OK OK OK O KO KO KOK OK OKO KO K OK OK OK OK OK O KO KO KOK OK OKO KO K OK OK OK OK OK O KO KO KOK OK OKO KO K OK OK OK OK OK O KO KO KOK OK OKO KO K OK OK OK OK OK O KO KO KOK OK OKO KO K OK OK OK OK OK O KO KO KOK OK OKO KO K OK OK OK OK OK O KO KO KOK OK OKO KO K OK OK OK OK OK O KO KO KOK OK OKO KO K OK OK OK OK OK O KO KO KOK OK OKO KO K OK OK OK OK OK O KO KO KOK OK OKO KO K OK OK OK OK OK O KO KO KOK OK OKO KO K OK OK OK OK OK O KO KO KOK OK OKO KO K OK OK OK OK OK O KO KO KOK OK OKO KO K OK OK OK OK OK O KO KO KOK OK OKO KO K OK OK OK OK OK O KO KO KOK OK OKO KO K OK OK OK OK OK O KO KO KOK OK OKO KO K OK OK OK OK OK O KO KO KOK OK OKO KO K OK OK OK OK OK O KO KO KOK OK OKO KO K OK OK OK OK OK O KO KO KOK OK OKO KO K OK OK OK OK OK O KO KO KOK OK OKO KO K OK OK OK OK OK O KO KO KOK OK OKO KO K OK OK OK OK OK O KO KO KOK OK OKO KO K OK OK OK OK OK O KO KO KOK OK OKO KO K OK OK OK OK OK O KO KO KOK OK OKO KO K OK OK OK OK OK O KO KO KOK OK OKO KO K OK OK OK OK OK O KO KO KOK OK OKO KO K OK OK OK OK OK O KO KO KOK OK OKO KO K OK OK OK OK OK O KO KO KOK OK OKO KO K OK OK OK OK OK O KO KO KOK OK OKO KO K OK OK OK OK OK O KO KO KOK OK OKO KO K OK OK OK OK OK O KO KO KOK OK OKO KO K OK OK OK OK OK O KO KO KOK OK OKO KO K OK OK OK OK OK O KO KO KOK OK OKO KO K OK OK OK OK OK O KO KO KOK OK OKO KO K OK OK OK OK OK O KO KO KOK OK OKO KO K OK OK OK OK OK O KO KO KOK OK OKO KO K OK OK OK OK OK O KO KO KOK OK OKO KO K OK OK OK OK OK O KO KO KOK OK OKO KO K OK OK OK OK OK O KO KO KOK OK OKO KO K OK OK OK OK OK O KO KO KOK OK OKO KO K OK OK OK OK OK O KO KO KOK OK OKO KO K OK OK OK OK OK O KO KO KOK OK OKO KO K OK OK OK OK OK O KO KO KOK OK OKO KO K OK OK OK OK OK O KO KO KOK OK OKO KO K OK OK OK OK OK O KO KO KOK OK OKO KO K OK OK OK OK OK O KO KO KOK OK OKO KO K OK OK OK OK OK O KO KO KOK OK OKO KO K OK OK OK OK OK O KO KO KOK OK OKO KO K OK OK OK OK OK O KO KO KOK OK OKO KO K OK OK OK OK OK O KO KO KOK OK OKO KO K OK OK OK OK OK O KO KO KOK OK OKO KO K OK OK OK OK OK O KO KO KOK OK OKO KO K OK OK OK OK OK O KO KO KOK OK OKO KO K OK OK OK OK OK O KO KO KOK OK OKO KO K OK OK OK OK OK O KO KO KOK OK OKO KO K OK OK OK OK OK O KO KO KOK OK OKO KO K OK OK OK OK OK O KO KO KOK OK OKO KO K OK OK OK OK OK O KO KO KOK OK OKO KO K OK OK OK OK OK O KO KO KOK OK OKO KO K OK OK OK OK OK O KO KO KOK OK OKO KO K OK OK OK OK OK O KO KO KOK OK OKO KO K OK OK OK OK OK O KO KO KOK OK OKO KO K OK OK OK OK OK O KO KO KOK OK OKO KO K OK OK OK OK OK O KO KO KOK OK OKO KO K OK OK OK OK OK O KO KO KOK OK OKO KO K OK OK OK OK OK O KO KO KOK OK OKO KO K OK OK OK OK OK O KO KO KOK OK OKO KO K OK OK OK OK OK O KO KO KOK OK OKO KO K OK OK OK OK OK O KO KO KOK OK OKO KO K OK OK OK OK OK O KO KO KOK OK OKO KO K OK OK OK OK OK O KO KO KOK OK OKO KO K OK OK OK OK OK O KO KO KOK OK OKO KO K OK OK OK OK OK O KO KO KOK OK OKO KO K OK OK OK OK OK O KO KO KOK OK OKO KO K OK OK OK OK OK O KO KO KOK OK OKO KO K OK OK OK OK OK O KO KO KOK OK OKO KO K OK OK OK OK OK O KO KO KOK OK OKO KO K OK OK OK OK OK O KO KO KOK OK OKO KO K OK OK OK OK OK O KO KO KOK OK OKO KO K OK OK OK OK OK O KO KO KOK OK OKO KO K OK OK OK OK OK O KO KO KOK OK OKO KO K OK OK OK OK OK O KO KO KOK OK OKO KO K OK OK OK OK OK O KO KO KOK OK OKO KO K OK OK OK OK OK O KO KO KOK OK OKO KO K OK OK OK OK OK O KO KO KOK OK OKO KO K OK OK OK OK OK O KO KO KOK OK OKO KO K OK OK OK OK OK O KO KO KOK OK OKO KO K OK OK OK OK OK O KO KO KOK OK OKO KO K OK OK OK OK OK O KO KO KOK OK OKO KO K OK OK OK OK OK O KO KO KOK OK OKO KO K OK OK OK OK OK O KO KO KOK OK OKO KO K OK OK OK OK OK O KO KO KOK OK OKO KO K OK OK OK OK OK O KO KO KOK OK OKO KO K OK OK OK OK OK O KO KO KOK OK OKO KO K OK OK OK OK OK O KO KO KOK OK OKO KO K OK OK OK OK OK O KO KO KOK OK OKO KO K OK OK OK OK OK O KO KO KOK OK OKO KO K OK OK OK OK OK O KO KO KOK OK OKO KO K OK OK OK OK OK O KO KO KOK OK OKO KO K OK OK OK OK OK O KO KO KOK OK OKO KO K OK OK OK OK OK O KO KO KOK OK OKO KO K OK OK OK OK OK O KO KO KOK OK OKO KO K OK OK OK OK OK O KO KO KOK OK OKO KO K OK OK OK OK OK O KO KO KOK OK OKO KO K OK OK OK OK OK O KO KO KOK OK OKO KO K OK OK OK OK OK O KO KO KOK OK OKO KO K OK OK OK OK OK O KO KO KOK OK OKO KO K OK OK OK OK OK O KO KO KOK OK OKO KO K OK OK OK OK OK O KO KO KOK OK OKO KO K OK OK OK OK OK O KO KO KOK OK OKO KO K OK OK OK OK OK O KO KO KOK OK OKO KO K OK OK OK OK OK O KO KO KOK OK OKO KO K OK OK OK OK OK O KO KO KOK OK OKO KO K OK OK OK OK OK O KO KO KOK OK OKO KO K OK OK OK OK OK O KO KO KOK OK OKO KO K OK OK OK OK OK O KO KO KOK OK OKO KO K OK OK OK OK OK O KO KO KOK OK OKO KO K OK OK OK OK OK O KO KO KOK OK OKO KO K OK OK OK OK OK O KO KO KOK OK OKO KO K OK OK OK OK OK O KO KO KOK OK OKO KO K OK OK OK OK OK O KO KO KOK OK OKO KO K OK OK OK OK OK O KO KO KOK OK OKO KO K OK OK OK OK OK O KO KO KOK OK OKO KO K OK OK OK OK OK O KO KO KOK OK OKO KO K OK OK OK OK OK O KO KO KOK OK OKO KO K OK OK OK OK OK O KO KO KOK OK OKO KO K OK OK OK OK OK O KO KO KOK OK OKO KO K OK OK OK OK OK O KO KO KOK OK OKO KO K OK OK OK OK OK O KO KO KOK OK OKO KO K OK OK OK OK OK O KO KO KOK OK OKO KO K OK OK OK OK OK O KO KO KOK OK OKO KO K OK OK OK OK OK O KO KO KOK OK OKO KO K OK OK OK OK OK O KO KO KOK OK OKO KO K OK OK OK OK OK O KO KO KOK OK OKO KO K OK OK OK OK OK O KO KO KOK OK OKO KO K OK OK OK OK OK O KO KO KOK OK OKO KO K OK OK OK OK OK O KO KO KOK OK OKO KO K OK OK OK OK OK O KO KO KOK OK OKO KO K OK OK OK OK OK O KO KO KOK OK OKO KO K OK OK OK OK OK O KO KO KOK OK OKO KO K OK OK OK OK OK O KO KO KOK OK OKO KO K OK OK OK OK OK O KO KO KOK OK OKO KO K OK OK OK OK OK O KO KO KOK OK OKO KO K OK OK OK OK OK O KO KO KOK OK OKO KO K OK OK OK OK OK O KO KO KOK OK OKO KO K OK OK OK OK OK O KO KO KOK OK OKO KO K OK OK OK OK OK O KO KO KOK OK OKO KO K OK OK OK OK OK O KO KO KOK OK OKO KO K OK OK OK OK OK O KO KO KOK OK OKO KO K OK OK OK OK OK O KO KO KOK OK OKO KO K OK OK OK OK OK O KO KO KOK OK OKO KO K OK OK OK OK OK O KO KO KOK OK OKO KO K OK OK OK OK OK O KO KO KOK OK OKO KO K OK OK OK OK OK O KO KO KOK OK OKO KO K OK OK OK OK OK O KO KO KOK OK OKO KO K OK OK OK OK OK O KO KO KOK OK OKO KO K OK OK OK OK OK O KO KO KOK OK OKO KO K OK OK OK OK OK O KO KO KOK OK OKO KO K OK OK OK OK OK O KO KO KOK OK OKO KO K OK OK OK OK OK O KO KO KOK OK OKO KO K OK OK OK OK OK O KO KO KOK OK OKO KO K OK OK OK OK OK O KO KO KOK OK OKO KO K OK OK OK OK OK O KO KO KOK OK OKO KO K OK OK OK OK OK O KO KO KOK OK OKO KO K OK OK OK OK OK O KO KO KOK OK OKO KO K OK OK OK OK OK O KO KO KOK OK OKO KO K OK OK OK OK OK O KO KO KOK OK OKO KO K OK OK OK OK OK O KO KO KOK OK OKO KO K OK OK OK OK OK O KO KO KOK OK OKO KO K OK OK OK OK OK O KO KO KOK OK OKO KO K OK OK OK OK OK O KO KO KOK OK OKO KO K OK OK OK OK OK O KO KO KOK OK OKO KO K OK OK OK OK OK O KO KO KOK OK OKO KO K OK OK OK OK OK O KO KO KOK OK OKO KO K OK OK OK OK OK O KO KO KOK OK OKO KO K OK OK OK OK OK O KO KO KOK OK OKO KO K OK OK OK OK OK O KO KO KOK OK OKO KO K OK OK OK OK OK O KO KO KOK OK OKO KO K OK OK OK OK OK O KO KO KOK OK OKO KO K OK OK OK OK OK O KO KO KOK OK OKO KO K OK OK OK OK OK O KO KO KOK OK OKO KO K OK OK OK OK OK O KO KO KOK OK OKO KO K OK OK OK OK OK O KO KO KOK OK OKO KO K OK OK OK OK OK O KO KO KOK OK OKO KO K OK OK OK OK OK O KO KO KOK OK OKO KO K OK OK OK OK OK O KO KO KOK OK OKO KO K OK OK OK OK OK O KO KO KOK OK OKO KO K OK OK OK OK OK O KO KO KOK OK OKO KO K OK OK OK OK OK O KO KO KOK OK OKO KO K OK OK OK OK OK O KO KO KOK OK OKO KO K OK OK OK OK OK O KO KO KOK OK OKO KO K OK OK OK OK OK O KO KO KOK OK OKO KO K OK OK OK OK OK O KO KO KOK OK OKO KO K OK OK OK OK OK O KO KO KOK OK OKO KO K OK OK OK OK OK O KO KO KOK OK OKO KO K OK OK OK OK OK O KO KO KOK OK OKO KO K OK OK OK OK OK O KO KO KOK OK OKO KO K OK OK OK OK OK O KO KO KOK OK OKO KO K OK OK OK OK OK O KO KO KOK OK OKO KO K OK OK OK OK OK O KO KO KOK OK OKO KO K OK OK OK OK OK O KO KO KOK OK OKO KO K OK OK OK OK OK O KO KO KOK OK OKO KO K OK OK OK OK OK O KO KO KOK OK OKO KO K OK OK OK OK OK O KO KO KOK OK OKO KO K OK OK OK OK OK O KO KO KOK OK OKO KO K OK OK OK OK OK O KO KO KOK OK OKO KO K OK OK OK OK OK O KO KO KOK OK OKO KO K OK OK OK OK OK O KO KO KOK OK OKO KO K OK OK OK OK OK O KO KO KOK OK OKO KO K OK OK OK OK OK O KO KO KOK OK OKO KO K OK OK OK OK OK O KO KO KOK OK OKO KO K OK OK OK OK OK O KO KO KOK OK OKO KO K OK OK OK OK OK O KO KO KOK OK OKO KO K OK OK OK OK OK O KO KO KOK OK OKO KO K OK OK OK OK OK O KO KO KOK OK OKO KO K OK OK OK OK OK O KO KO KOK OK OKO KO K OK OK OK OK OK O KO KO KOK OK OKO KO K OK OK OK OK OK O KO KO KOK OK OKO KO K OK OK OK OK OK O KO KO KOK OK OKO KO K OK OK OK OK OK O KO KO KOK OK OKO KO K OK OK OK OK OK O KO KO KOK OK OKO KO K OK OK OK OK OK O KO KO KOK OK OKO KO K OK OK OK OK OK O KO KO KOK OK OKO KO K OK OK OK OK OK O KO KO KOK OK OKO KO K OK OK OK OK OK O KO KO KOK OK OKO KO K OK OK OK OK OK O KO KO KOK OK OKO KO K OK OK OK OK OK O KO KO KOK OK OKO KO K OK OK OK OK OK O KO KO KOK OK OKO KO K OK OK OK OK OK O KO KO KOK OK OKO KO K OK OK OK OK OK O KO KO KOK OK OKO KO K OK OK OK OK OK O KO KO KOK OK OKO KO K OK OK OK OK OK O KO KO KOK OK OKO KO K OK OK OK OK OK O KO KO KOK OK OKO KO K OK OK OK OK OK O KO KO KOK OK OKO KO K OK OK OK OK OK O KO KO KOK OK OKO KO K OK OK OK OK OK O KO KO KOK OK OKO KO K OK OK OK OK OK O KO KO KOK OK OKO KO K OK OK OK OK OK O KO KO KOK OK OKO KO K OK OK OK OK OK O KO KO KOK OK OKO KO K OK OK OK OK OK O KO KO KOK OK OKO KO K OK OK OK OK OK O KO KO KOK OK OKO KO K OK OK OK OK OK O KO KO KOK OK OKO KO K OK OK OK OK OK O KO KO KOK OK OKO KO K OK OK OK OK OK O KO KO KOK OK OKO KO K OK OK OK OK OK O KO KO KOK OK OKO KO K OK OK OK OK OK O KO KO KOK OK OKO KO K OK OK OK OK OK O KO KO KOK OK OKO KO K OK OK OK OK OK O KO KO KOK OK OKO KO K OK OK OK OK OK O KO KO KOK OK OKO KO K OK OK OK OK OK O KO KO KOK OK OKO KO K OK OK OK OK OK O KO KO KOK OK OKO KO K OK OK OK OK OK O KO KO KOK OK OKO KO K OK OK OK OK OK O KO KO KOK OK OKO KO K OK OK OK OK OK O KO KO KOK OK OKO KO K OK OK OK OK OK O KO KO KOK OK OKO KO K OK OK OK OK OK O KO KO KOK OK OKO KO K OK OK OK OK OK O KO KO KOK OK OKO KO K OK OK OK OK OK O KO KO KOK OK OKO KO K OK OK OK OK OK O KO KO KOK OK OKO KO K OK OK OK OK OK O KO KO KOK OK OKO KO K OK OK OK OK OK O KO KO KOK OK OKO KO K OK OK OK OK OK O KO KO KOK OK OKO KO K OK OK OK OK OK O KO KO KOK OK OKO KO K OK OK OK OK OK O KO KO KOK OK OKO KO K OK OK OK OK OK O KO KO KOK OK OKO KO K OK OK OK OK OK O KO KO KOK OK OKO KO K OK OK OK OK OK O KO KO KOK OK OKO KO K OK OK OK OK OK O KO KO KOK OK OKO KO K OK OK OK OK OK O KO KO KOK OK OKO KO K OK OK OK OK OK O KO KO KOK OK OKO KO K OK OK OK OK OK O KO KO KOK OK OKO KO K OK OK OK OK OK O KO KO KOK OK OKO KO K OK OK OK OK OK O KO KO KOK OK OKO KO K OK OK OK OK OK O KO KO KOK OK OKO KO K OK OK OK OK OK O KO KO KOK OK OKO KO K OK OK OK OK OK O KO KO KOK OK OKO KO K OK OK OK OK OK O KO KO KOK OK OKO KO K OK OK OK OK OK O KO KO KOK OK OKO KO K OK OK OK OK OK O KO KO KOK OK OKO KO K OK OK OK OK OK O KO KO KOK OK OKO KO K OK OK OK OK OK O KO KO KOK OK OKO KO K OK OK OK OK OK O KO KO KOK OK OKO KO K OK OK OK OK OK O KO KO KOK OK OKO KO K OK OK OK OK OK O KO KO KOK OK OKO KO K OK OK OK OK OK O KO KO KOK OK OKO KO K OK OK OK OK OK O KO KO KOK OK OKO KO K OK OK OK OK OK O KO KO KOK OK OKO KO K OK OK OK OK OK O KO KO KOK OK OKO KO K OK OK OK OK OK O KO KO KOK OK OKO KO K OK OK OK OK OK O KO KO KOK OK OKO KO K OK OK OK OK OK O KO KO KOK OK OKO KO K OK OK OK OK OK O KO KO KOK OK OKO KO K OK OK OK OK OK O KO KO KOK OK OKO KO K OK OK OK OK OK O KO KO KOK OK OKO KO K OK OK OK OK OK O KO KO KOK OK OKO KO K OK OK OK OK OK O KO KO KOK OK OKO KO K OK OK OK OK OK O KO KO KOK OK OKO KO K OK OK OK OK OK O KO KO KOK OK OKO KO K OK OK OK OK OK O KO KO KOK OK OKO KO K OK OK OK OK OK O KO KO KOK OK OKO KO K OK OK OK OK OK O KO KO KOK OK OKO KO K OK OK OK OK OK O KO KO KOK OK OKO KO K OK OK OK OK OK O KO KO KOK OK OKO KO K OK OK OK OK OK O KO KO KOK OK OKO KO K OK OK OK OK OK O KO KO KOK OK OKO KO K OK OK OK OK OK O KO KO KOK OK OKO KO K OK OK OK OK OK O KO KO KOK OK OKO KO K OK OK OK OK OK O KO KO KOK OK OKO KO K OK OK OK OK OK O KO KO KOK OK OKO KO K OK OK OK OK OK O KO KO KOK OK OKO KO K OK OK OK OK OK O KO KO KOK OK OKO KO K OK OK OK OK OK O KO KO KOK OK OKO KO K OK OK OK OK OK O KO KO KOK OK OKO KO K OK OK OK OK OK O KO KO KOK OK OKO KO K OK OK OK OK OK O KO KO KOK OK OKO KO K OK OK OK OK OK O KO KO KOK OK OKO KO K OK OK OK OK OK O KO KO KOK OK OKO KO K OK OK OK OK OK O KO KO KOK OK OKO KO K OK OK OK OK OK O KO KO KOK OK OKO KO K OK OK OK OK OK O KO KO KOK OK OKO KO K OK OK OK OK OK O KO KO KOK OK OKO KO K OK OK OK OK OK O KO KO KOK OK OKO KO K OK OK OK OK OK O KO KO KOK OK OKO KO K OK OK OK OK OK O KO KO KOK OK OKO KO K OK OK OK OK OK O KO KO KOK OK OKO KO K OK OK OK OK OK O KO KO KOK OK OKO KO K OK OK OK OK OK O KO KO KOK OK OKO KO K OK OK OK OK OK O KO KO KOK OK OKO KO K OK OK OK OK OK O KO KO KOK OK OKO KO K OK OK OK OK OK O KO KO KOK OK OKO KO K OK OK OK OK OK O KO KO KOK OK OKO KO K OK OK OK OK OK O KO KO KOK OK OKO KO K OK OK OK OK OK O KO KO KOK OK OKO KO K OK OK OK OK OK O KO KO KOK OK OKO KO K OK OK OK OK OK O KO KO KOK OK OKO KO K OK OK OK OK OK O KO KO KOK OK OKO KO K OK OK OK OK OK O KO KO KOK OK OKO KO K OK OK OK OK OK O KO KO KOK OK OKO KO K OK OK OK OK OK O KO KO KOK OK OKO KO K OK OK OK OK OK O KO KO KOK OK OKO KO K OK OK OK OK OK O KO KO KOK OK OKO KO K OK OK OK OK OK O KO KO KOK OK OKO KO K OK OK OK OK OK O KO KO KOK OK OKO KO K OK OK OK OK OK O KO KO KOK OK OKO KO K OK OK OK OK OK O KO KO KOK OK OKO KO K OK OK OK OK OK O KO KO KOK OK OKO KO K OK OK OK OK OK O KO KO KOK OK OKO KO K OK OK OK OK OK O KO KO KOK OK OKO KO K OK OK OK OK OK O KO KO KOK OK OKO KO K OK OK OK OK OK O KO KO KOK OK OKO KO K OK OK OK OK OK O KO KO KOK OK OKO KO K OK OK OK OK OK O KO KO KOK OK OKO KO K OK OK OK OK OK O KO KO KOK OK OKO KO K OK OK OK OK OK O KO KO KOK OK OKO KO K OK OK OK OK OK O KO KO KOK OK OKO KO K OK OK OK OK OK O KO KO KOK OK OKO KO K OK OK OK OK OK O KO KO KOK OK OKO KO K OK OK OK OK OK O KO KO KOK OK OKO KO K OK OK OK OK OK O KO KO KOK OK OKO KO K OK OK OK OK OK O KO KO KOK OK OKO KO K OK OK OK OK OK O KO KO KOK OK OKO KO K OK OK OK OK OK O KO KO KOK OK OKO KO K OK OK OK OK OK O KO KO KOK OK OKO KO K OK OK OK OK OK O KO KO KOK OK OKO KO K OK OK OK OK OK O KO KO KOK OK OKO KO K OK OK OK OK OK O KO KO KOK OK OKO KO K OK OK OK OK OK O KO KO KOK OK OKO KO K OK OK OK OK OK O KO KO KOK OK OKO KO K OK OK OK OK OK O KO KO KOK OK OKO KO K OK OK OK OK OK O KO KO KOK OK OKO KO K OK OK OK OK OK O KO KO KOK OK OKO KO K OK OK OK OK OK O KO KO KOK OK OKO KO K OK OK OK OK OK O KO KO KOK OK OKO KO K OK OK OK OK OK O KO KO KOK OK OKO KO K OK OK OK OK OK O KO KO KOK OK OKO KO K OK OK OK OK OK O KO KO KOK OK OKO KO K OK OK OK OK OK O KO KO KOK OK OKO KO K OK OK OK OK OK O KO KO KOK OK OKO KO K OK OK OK OK OK O KO KO KOK OK OKO KO K OK OK OK OK OK O KO KO KOK OK OKO KO K OK OK OK OK OK O KO KO KOK OK OKO KO K OK OK OK OK OK O KO KO KOK OK OKO KO K OK OK OK OK OK O KO KO KOK OK OKO KO K OK OK OK OK OK O KO KO KOK OK OKO KO K OK OK OK OK OK O KO KO KOK OK OKO KO K OK OK OK OK OK O KO KO KOK OK OKO KO K OK OK OK OK OK O KO KO KOK OK OKO KO K OK OK OK OK OK O KO KO KOK OK OKO KO K OK OK OK OK OK O KO KO KOK OK OKO KO K OK OK OK OK OK O KO KO KOK OK OKO KO K OK OK OK OK OK O KO KO KOK OK OKO KO K OK OK OK OK OK O KO KO KOK OK OKO KO K OK OK OK OK OK O KO KO KOK OK OKO KO K OK OK OK OK OK O KO KO KOK OK OKO KO K OK OK OK OK OK O KO KO KOK OK OKO KO K OK OK OK OK OK O KO KO KOK OK OKO KO K OK OK OK OK OK O KO KO KOK OK OKO KO K OK OK OK OK OK O KO KO KOK OK OKO KO K OK OK OK OK OK O KO KO KOK OK OKO KO K OK OK OK OK OK O KO KO KOK OK OKO KO K OK OK OK OK OK O KO KO KOK OK OKO KO K OK OK OK OK OK O KO KO KOK OK OKO KO K OK OK OK OK OK O KO KO KOK OK OKO KO K OK OK OK OK OK O KO KO KOK OK OKO KO K OK OK OK OK OK O KO KO KOK OK OKO KO K OK OK OK OK OK O KO KO KOK OK OKO KO K OK OK OK OK OK O KO KO KOK OK OKO KO K OK OK OK OK OK O KO KO KOK OK OKO KO K OK OK OK OK OK O KO KO KOK OK OKO KO K OK OK OK OK OK O KO KO KOK OK OKO KO K OK OK OK OK OK O KO KO KOK OK OKO KO K OK OK OK OK OK O KO KO KOK OK OKO KO K OK OK OK OK OK O KO KO KOK OK OKO KO K OK OK OK OK OK O KO KO KOK OK OKO KO K OK OK OK OK OK O KO KO KOK OK OKO KO K OK OK OK OK OK O KO KO KOK OK OKO KO K OK OK OK OK OK O KO KO KOK OK OKO KO K OK OK OK OK OK O KO KO KOK OK OKO KO K OK OK OK OK OK O KO KO KOK OK OKO KO K OK OK OK OK OK O KO KO KOK OK OKO KO K OK OK OK OK OK O KO KO KOK OK OKO KO K OK OK OK OK OK O KO KO KOK OK OKO KO K OK OK OK OK OK O KO KO KOK OK OKO KO K OK OK OK OK OK O KO KO KOK OK OKO KO K OK OK OK OK OK O KO KO KOK OK OKO KO K OK OK OK OK OK O KO KO KOK OK OKO KO K OK OK OK OK OK O KO KO KOK OK OKO KO K OK OK OK OK OK O KO KO KOK OK OKO KO K OK OK OK OK OK O KO KO KOK OK OKO KO K OK OK OK OK OK O KO KO KOK OK OKO KO K OK OK OK OK OK O KO KO KOK OK OKO KO K OK OK OK OK OK O KO KO KOK OK OKO KO K OK OK OK OK OK O KO KO KOK OK OKO KO K OK OK OK OK OK O KO KO KOK OK OKO KO K OK OK OK OK OK O KO KO KOK OK OKO KO K OK OK OK OK OK O KO KO KOK OK OKO KO K OK OK OK OK OK O KO KO KOK OK OKO KO K OK OK OK OK OK O KO KO KOK OK OKO KO K OK OK OK OK OK O KO KO KOK OK OKO KO K OK OK OK OK OK O KO KO KOK OK OKO KO K OK OK OK OK OK O KO KO KOK OK OKO KO K OK OK OK OK OK O KO KO KOK OK OKO KO K OK OK OK OK OK O KO KO KOK OK OKO KO K OK OK OK OK OK O KO KO KOK OK OKO KO K OK OK OK OK OK O KO KO KOK OK OKO KO K OK OK OK OK OK O KO KO KOK OK OKO KO K OK OK OK OK OK O KO KO KOK OK OKO KO K OK OK OK OK OK O KO KO KOK OK OKO KO K OK OK OK OK OK O KO KO KOK OK OKO KO K OK OK OK OK OK O KO KO KOK OK OKO KO K OK OK OK OK OK O KO KO KOK OK OKO KO K OK OK OK OK OK O KO KO KOK OK OKO KO K OK OK OK OK OK O KO KO KOK OK OKO KO K OK OK OK OK OK O KO KO KOK OK OKO KO K OK OK OK OK OK O KO KO KOK OK OKO KO K OK OK OK OK OK O KO KO KOK OK OKO KO K OK OK OK OK OK O KO KO KOK OK OKO KO K OK OK OK OK OK O KO KO KOK OK OKO KO K OK OK OK OK OK O KO KO KOK OK OKO KO K OK OK OK OK OK O KO KO KOK OK OKO KO K OK OK OK OK OK O KO KO KOK OK OKO KO K OK OK OK OK OK O KO KO KOK OK OKO KO K OK OK OK OK OK O KO KO KOK OK OKO KO K OK OK OK OK OK O KO KO KOK OK OKO KO K OK OK OK OK OK O KO KO KOK OK OKO KO K OK OK OK OK OK O KO KO KOK OK OKO KO K OK OK OK OK OK O KO KO KOK OK OKO KO K OK OK OK OK OK O KO KO KOK OK OKO KO K OK OK OK OK OK O KO KO KOK OK OKO KO K OK OK OK OK OK O KO KO KOK OK OKO KO K OK OK OK OK OK O KO KO KOK OK OKO KO K OK OK OK OK OK O KO KO KOK OK OKO KO K OK OK OK OK OK O KO KO KOK OK OKO KO K OK OK OK OK OK O KO KO KOK OK OKO KO K OK OK OK OK OK O KO KO KOK OK OKO KO K OK OK OK OK OK O KO KO KOK OK OKO KO K OK OK OK OK OK O KO KO KOK OK OKO KO K OK OK OK OK OK O KO KO KOK OK OKO KO K OK OK OK OK OK O KO KO KOK OK OKO KO K OK OK OK OK OK O KO KO KOK OK OKO KO K OK OK OK OK OK O KO KO KOK OK OKO KO K OK OK OK OK OK O KO KO KOK OK OKO KO K OK OK OK OK OK O KO KO KOK OK OKO KO K OK OK OK OK OK O KO KO KOK OK OKO KO K OK OK OK OK OK O KO KO KOK OK OKO KO K OK OK OK OK OK O KO KO KOK OK OKO KO K OK OK OK OK OK O KO KO KOK OK OKO KO K OK OK OK OK OK O KO KO KOK OK OKO KO K OK OK OK OK OK O KO KO KOK OK OKO KO K OK OK OK OK OK O KO KO KOK OK OKO KO K OK OK OK OK OK O KO KO KOK OK OKO KO K OK OK OK OK OK O KO KO KOK OK OKO KO K OK OK OK OK OK O KO KO KOK OK OKO KO K OK OK OK OK OK O KO KO K', '2017-01-13 15:07:51'),
(309, 1, 3, 'Hey', '2017-01-13 17:41:58'),
(310, 3, 1, 'Yo', '2017-01-13 17:42:22'),
(311, 1, 3, 'SALUT', '2017-01-16 15:21:44');
INSERT INTO `chat` (`id`, `id_poster`, `id_receptor`, `message`, `date_message`) VALUES
(312, 1, 3, 'OK OK OK OK OK OK OK OK A PLUS SUPER SUPER  SUPER SUPER SUPER SUPER SUPER OK OK OK OK OK OK OK OK A PLUS SUPER SUPER  SUPER SUPER SUPER SUPER SUPER OK OK OK OK OK OK OK OK A PLUS SUPER SUPER  SUPER SUPER SUPER SUPER SUPER OK OK OK OK OK OK OK OK A PLUS SUPER SUPER  SUPER SUPER SUPER SUPER SUPER OK OK OK OK OK OK OK OK A PLUS SUPER SUPER  SUPER SUPER SUPER SUPER SUPER OK OK OK OK OK OK OK OK A PLUS SUPER SUPER  SUPER SUPER SUPER SUPER SUPER OK OK OK OK OK OK OK OK A PLUS SUPER SUPER  SUPER SUPER SUPER SUPER SUPER OK OK OK OK OK OK OK OK A PLUS SUPER SUPER  SUPER SUPER SUPER SUPER SUPER OK OK OK OK OK OK OK OK A PLUS SUPER SUPER  SUPER SUPER SUPER SUPER SUPER OK OK OK OK OK OK OK OK A PLUS SUPER SUPER  SUPER SUPER SUPER SUPER SUPER OK OK OK OK OK OK OK OK A PLUS SUPER SUPER  SUPER SUPER SUPER SUPER SUPER OK OK OK OK OK OK OK OK A PLUS SUPER SUPER  SUPER SUPER SUPER SUPER SUPER OK OK OK OK OK OK OK OK A PLUS SUPER SUPER  SUPER SUPER SUPER SUPER SUPER OK OK OK OK OK OK OK OK A PLUS SUPER SUPER  SUPER SUPER SUPER SUPER SUPER OK OK OK OK OK OK OK OK A PLUS SUPER SUPER  SUPER SUPER SUPER SUPER SUPER OK OK OK OK OK OK OK OK A PLUS SUPER SUPER  SUPER SUPER SUPER SUPER SUPER OK OK OK OK OK OK OK OK A PLUS SUPER SUPER  SUPER SUPER SUPER SUPER SUPER OK OK OK OK OK OK OK OK A PLUS SUPER SUPER  SUPER SUPER SUPER SUPER SUPER OK OK OK OK OK OK OK OK A PLUS SUPER SUPER  SUPER SUPER SUPER SUPER SUPER OK OK OK OK OK OK OK OK A PLUS SUPER SUPER  SUPER SUPER SUPER SUPER SUPER OK OK OK OK OK OK OK OK A PLUS SUPER SUPER  SUPER SUPER SUPER SUPER SUPER OK OK OK OK OK OK OK OK A PLUS SUPER SUPER  SUPER SUPER SUPER SUPER SUPER OK OK OK OK OK OK OK OK A PLUS SUPER SUPER  SUPER SUPER SUPER SUPER SUPER OK OK OK OK OK OK OK OK A PLUS SUPER SUPER  SUPER SUPER SUPER SUPER SUPER ', '2017-01-16 15:21:57'),
(313, 3, 14, 'YOYOYO', '2017-01-16 17:30:04'),
(314, 14, 3, 'Coucou', '2017-01-16 17:30:17'),
(315, 16, 9, 'Salut', '2017-01-17 12:37:00'),
(316, 16, 9, 'asv', '2017-01-17 12:37:03'),
(317, 9, 16, 't qui?', '2017-01-17 12:37:33'),
(318, 16, 9, 'et toi ??', '2017-01-17 12:38:19'),
(319, 16, 9, 'comment a?', '2017-01-17 12:38:32'),
(320, 9, 16, 'bah c&#039;est toi qui me parle', '2017-01-17 12:38:51'),
(321, 16, 9, ':)', '2017-01-17 12:39:22'),
(322, 16, 9, '&lt;strong&gt;Salut&lt;/strong&gt;', '2017-01-17 12:39:33'),
(323, 1, 3, 'fdfs', '2017-01-17 12:39:56'),
(324, 1, 16, '155', '2017-01-17 12:51:29'),
(325, 1, 16, 'et toi?', '2017-01-17 12:51:33'),
(326, 16, 1, 'moi aussi', '2017-01-17 12:52:11'),
(327, 16, 1, 'hihi', '2017-01-17 12:52:15'),
(328, 1, 16, 'bah ecoute tant mieux', '2017-01-17 12:52:26'),
(329, 16, 1, 'asv', '2017-01-17 12:52:38'),
(330, 1, 16, 'non', '2017-01-17 12:52:45'),
(331, 1, 16, 'houeaaaa', '2017-01-17 12:52:51'),
(332, 1, 16, 'okok', '2017-01-17 12:53:06'),
(333, 1, 16, 'bonbon', '2017-01-17 12:53:10'),
(334, 1, 16, 'htf', '2017-01-17 12:54:00'),
(335, 1, 16, 'c', '2017-01-17 12:54:12'),
(336, 17, 18, 'Salut', '2017-01-17 13:09:37'),
(337, 17, 18, 'ca va', '2017-01-17 13:09:38'),
(338, 18, 17, 'Yo', '2017-01-17 13:09:44'),
(339, 18, 17, 'Ca va', '2017-01-17 13:09:45'),
(340, 18, 17, 'ok', '2017-01-17 13:09:45'),
(341, 18, 17, 'ok', '2017-01-17 13:09:46'),
(342, 18, 17, 'ok', '2017-01-17 13:09:46'),
(343, 17, 18, 'Ok', '2017-01-17 13:09:48'),
(344, 17, 18, 'ok', '2017-01-17 13:09:49'),
(345, 17, 18, 'Salut', '2017-01-17 13:09:50'),
(346, 18, 17, 'lol', '2017-01-17 13:09:57'),
(347, 17, 18, 'wow', '2017-01-17 13:10:15'),
(348, 17, 18, 'wow', '2017-01-17 13:10:17'),
(349, 17, 18, 'Pk c classe par user', '2017-01-17 13:10:21'),
(350, 18, 17, 'salut', '2017-01-17 13:10:46'),
(351, 18, 17, 'je sais pas', '2017-01-17 13:10:51'),
(352, 17, 18, 'bizarre', '2017-01-17 13:10:55'),
(353, 17, 18, 'allo', '2017-01-17 13:13:40'),
(354, 18, 17, 'test', '2017-01-17 13:13:48'),
(355, 18, 17, 'yes', '2017-01-17 13:13:54'),
(356, 19, 20, 'Yo', '2017-01-17 15:15:08'),
(357, 19, 20, 'asv', '2017-01-17 15:15:15'),
(358, 20, 19, 'SANIC', '2017-01-17 15:15:19'),
(359, 20, 19, 'GOTA GO FAST', '2017-01-17 15:15:22'),
(360, 20, 19, 'CMON STEP IT UP', '2017-01-17 15:15:25'),
(361, 19, 20, 'Wtf', '2017-01-17 15:15:28'),
(362, 19, 20, 'T&#039;es un malade', '2017-01-17 15:15:32'),
(363, 20, 19, 'GOTA GO FAST', '2017-01-17 15:15:37'),
(364, 20, 19, 'OK', '2017-01-17 15:15:38'),
(365, 20, 19, 'OK', '2017-01-17 15:15:39'),
(366, 19, 20, 'ok a+', '2017-01-17 15:15:42');

-- --------------------------------------------------------

--
-- Structure de la table `hobbies`
--

CREATE TABLE `hobbies` (
  `id` int(11) NOT NULL,
  `id_owner` int(11) NOT NULL,
  `morph` tinyint(1) UNSIGNED DEFAULT NULL COMMENT 'Morph into creep colony',
  `eat` tinyint(1) UNSIGNED DEFAULT NULL COMMENT 'Eat Terrans',
  `invade` tinyint(1) UNSIGNED DEFAULT NULL COMMENT 'Invade Aiur',
  `obey` tinyint(1) UNSIGNED DEFAULT NULL COMMENT 'Obey to the Overmind',
  `gather` tinyint(1) UNSIGNED DEFAULT NULL COMMENT 'Gather minerals',
  `infest` tinyint(1) UNSIGNED DEFAULT NULL COMMENT 'Infest command centers',
  `praises` tinyint(1) UNSIGNED DEFAULT NULL COMMENT 'Praise sAviOr',
  `praisej` tinyint(1) UNSIGNED DEFAULT NULL COMMENT 'Praise Jaedong',
  `burrow` tinyint(1) UNSIGNED DEFAULT NULL COMMENT 'Burrow',
  `explode` tinyint(1) UNSIGNED DEFAULT NULL COMMENT 'Die while exploding',
  `spawn` tinyint(1) UNSIGNED DEFAULT NULL COMMENT 'Spawn more overlords',
  `killVessels` tinyint(1) UNSIGNED DEFAULT NULL COMMENT 'Kill science vessels',
  `plague` tinyint(1) UNSIGNED DEFAULT NULL COMMENT 'Plague marines',
  `hide` tinyint(1) UNSIGNED DEFAULT NULL COMMENT 'Hide in dark swarms'
) ENGINE=InnoDB DEFAULT CHARSET=latin1;

--
-- Contenu de la table `hobbies`
--

INSERT INTO `hobbies` (`id`, `id_owner`, `morph`, `eat`, `invade`, `obey`, `gather`, `infest`, `praises`, `praisej`, `burrow`, `explode`, `spawn`, `killVessels`, `plague`, `hide`) VALUES
(1, 1, 1, 1, 1, 1, NULL, NULL, NULL, NULL, NULL, NULL, NULL, NULL, NULL, NULL),
(2, 2, 1, NULL, 1, NULL, NULL, 1, NULL, NULL, NULL, 1, NULL, NULL, 1, NULL),
(3, 3, 1, NULL, NULL, NULL, 1, NULL, NULL, NULL, 1, NULL, NULL, NULL, NULL, 1),
(4, 5, 1, NULL, 1, NULL, 1, NULL, NULL, NULL, NULL, 1, NULL, NULL, NULL, NULL),
(5, 6, 1, 1, NULL, NULL, NULL, NULL, NULL, 1, NULL, 1, NULL, 1, NULL, NULL),
(6, 7, NULL, NULL, 1, 1, 1, 1, 1, 1, NULL, NULL, NULL, NULL, NULL, NULL),
(7, 8, NULL, NULL, NULL, 1, 1, NULL, NULL, 1, NULL, NULL, 1, NULL, NULL, 1),
(8, 9, NULL, 1, 1, 1, 1, NULL, NULL, NULL, NULL, NULL, NULL, NULL, NULL, NULL),
(9, 10, 1, 1, 1, NULL, 1, NULL, 1, NULL, NULL, NULL, 1, 1, 1, NULL),
(10, 11, 1, NULL, NULL, NULL, 1, NULL, NULL, 1, 1, NULL, NULL, NULL, NULL, NULL),
(11, 12, NULL, NULL, 1, NULL, 1, 1, NULL, 1, NULL, 1, 1, NULL, NULL, 1),
(12, 13, NULL, 1, NULL, 1, NULL, 1, NULL, NULL, NULL, 1, NULL, NULL, NULL, NULL),
(13, 14, 1, NULL, NULL, NULL, NULL, NULL, 1, 1, 1, NULL, NULL, NULL, NULL, NULL),
(14, 15, NULL, NULL, NULL, 1, NULL, 1, NULL, 1, NULL, NULL, NULL, NULL, NULL, 1),
(15, 16, NULL, NULL, 1, NULL, NULL, NULL, 1, 1, 1, 1, 1, 1, NULL, NULL),
(16, 17, 1, NULL, 1, NULL, 1, NULL, NULL, 1, 1, NULL, NULL, NULL, NULL, NULL),
(17, 18, NULL, NULL, 1, NULL, 1, NULL, NULL, 1, NULL, NULL, NULL, 1, NULL, NULL),
(18, 19, NULL, NULL, NULL, NULL, NULL, NULL, 1, 1, 1, 1, NULL, NULL, NULL, NULL),
(19, 20, 1, NULL, NULL, NULL, NULL, 1, NULL, NULL, NULL, 1, NULL, NULL, NULL, 1),
(20, 21, 1, 1, 1, 1, 1, 1, 1, 1, 1, 1, 1, 1, 1, 1);

-- --------------------------------------------------------

--
-- Structure de la table `likes`
--

CREATE TABLE `likes` (
  `id` int(11) NOT NULL,
  `id_owner` int(11) NOT NULL,
  `id_liker` int(11) NOT NULL,
  `date_like` datetime NOT NULL
) ENGINE=InnoDB DEFAULT CHARSET=latin1;

--
-- Contenu de la table `likes`
--

INSERT INTO `likes` (`id`, `id_owner`, `id_liker`, `date_like`) VALUES
(1, 1, 2, '2017-01-06 11:50:07'),
(2, 2, 1, '2017-01-06 11:50:12'),
(3, 9, 1, '2017-01-09 18:46:38'),
(4, 7, 1, '2017-01-10 10:34:15'),
(5, 11, 1, '2017-01-10 16:39:58'),
(6, 1, 11, '2017-01-10 16:40:07'),
(7, 1, 9, '2017-01-13 14:47:20'),
(11, 10, 1, '2017-01-13 15:47:31'),
(12, 1, 10, '2017-01-13 15:47:35'),
(13, 3, 1, '2017-01-13 17:40:55'),
(14, 1, 3, '2017-01-13 17:41:13'),
(15, 3, 14, '2017-01-16 17:29:34'),
(16, 14, 3, '2017-01-16 17:29:58'),
(17, 9, 16, '2017-01-17 12:34:41'),
(18, 16, 9, '2017-01-17 12:35:17'),
(19, 1, 16, '2017-01-17 12:51:10'),
(20, 16, 1, '2017-01-17 12:51:20'),
(21, 17, 18, '2017-01-17 13:09:23'),
(22, 18, 17, '2017-01-17 13:09:33'),
(23, 19, 20, '2017-01-17 15:14:36'),
(24, 20, 19, '2017-01-17 15:14:48');

-- --------------------------------------------------------

--
-- Structure de la table `notifications`
--

CREATE TABLE `notifications` (
  `id` int(11) NOT NULL,
  `id_owner` int(11) NOT NULL,
  `id_sender` int(11) NOT NULL,
  `unread` tinyint(1) NOT NULL,
  `type` varchar(255) NOT NULL,
  `id_reference` int(11) NOT NULL,
  `date_notif` datetime NOT NULL
) ENGINE=InnoDB DEFAULT CHARSET=latin1;

--
-- Contenu de la table `notifications`
--

INSERT INTO `notifications` (`id`, `id_owner`, `id_sender`, `unread`, `type`, `id_reference`, `date_notif`) VALUES
(1, 1, 2, 0, 'visit', 1, '2017-01-06 11:50:07'),
(2, 1, 2, 0, 'like', 0, '2017-01-06 11:50:07'),
(3, 2, 1, 0, 'visit', 2, '2017-01-06 11:50:12'),
(4, 2, 1, 0, 'likeback', 0, '2017-01-06 11:50:12'),
(5, 2, 1, 1, 'chat', 0, '2017-01-06 16:40:26'),
(6, 1, 2, 0, 'chat', 0, '2017-01-06 16:40:45'),
(7, 8, 1, 1, 'visit', 3, '2017-01-09 17:56:59'),
(8, 9, 1, 0, 'visit', 4, '2017-01-13 17:49:06'),
(9, 9, 1, 0, 'like', 0, '2017-01-09 18:46:38'),
(10, 7, 1, 0, 'visit', 5, '2017-01-10 10:34:15'),
(11, 7, 1, 0, 'like', 0, '2017-01-10 10:34:15'),
(12, 1, 3, 0, 'visit', 6, '2017-01-16 11:55:52'),
(13, 10, 1, 0, 'visit', 7, '2017-01-10 16:15:21'),
(14, 10, 11, 0, 'visit', 8, '2017-01-10 16:36:51'),
(15, 11, 1, 1, 'visit', 9, '2017-01-13 18:43:36'),
(16, 11, 1, 0, 'like', 0, '2017-01-10 16:39:58'),
(17, 1, 11, 0, 'visit', 10, '2017-01-10 17:28:56'),
(18, 1, 11, 0, 'likeback', 0, '2017-01-10 16:40:07'),
(19, 11, 1, 1, 'chat', 0, '2017-01-13 13:09:45'),
(20, 1, 11, 0, 'chat', 0, '2017-01-13 13:09:56'),
(21, 1, 9, 0, 'visit', 11, '2017-01-13 14:47:20'),
(22, 1, 9, 0, 'likeback', 0, '2017-01-13 14:47:20'),
(23, 9, 1, 0, 'chat', 0, '2017-01-13 15:07:51'),
(24, 1, 9, 0, 'chat', 0, '2017-01-13 14:48:24'),
(25, 1, 10, 0, 'visit', 12, '2017-01-13 15:41:36'),
(26, 1, 10, 0, 'unlike', 0, '2017-01-13 15:17:55'),
(27, 7, 10, 0, 'visit', 13, '2017-01-13 16:17:22'),
(28, 5, 1, 1, 'visit', 14, '2017-01-13 16:30:40'),
(29, 3, 1, 1, 'visit', 15, '2017-01-16 18:19:25'),
(30, 3, 1, 0, 'like', 0, '2017-01-13 17:40:55'),
(31, 1, 3, 0, 'likeback', 0, '2017-01-13 17:41:13'),
(32, 3, 1, 1, 'chat', 0, '2017-01-17 12:39:56'),
(33, 1, 3, 0, 'chat', 0, '2017-01-13 17:42:22'),
(34, 8, 3, 1, 'visit', 16, '2017-01-16 12:06:01'),
(35, 11, 3, 1, 'visit', 17, '2017-01-16 12:08:11'),
(36, 7, 3, 0, 'visit', 18, '2017-01-16 12:08:13'),
(37, 10, 12, 1, 'visit', 19, '2017-01-16 16:38:54'),
(38, 3, 13, 0, 'visit', 20, '2017-01-16 16:51:26'),
(39, 10, 15, 1, 'visit', 21, '2017-01-16 17:18:56'),
(40, 2, 14, 1, 'visit', 22, '2017-01-16 17:20:00'),
(41, 3, 14, 0, 'visit', 23, '2017-01-16 17:29:34'),
(42, 3, 14, 0, 'like', 0, '2017-01-16 17:29:34'),
(43, 14, 3, 0, 'visit', 24, '2017-01-16 17:29:58'),
(44, 14, 3, 0, 'likeback', 0, '2017-01-16 17:29:58'),
(45, 14, 3, 0, 'chat', 0, '2017-01-16 17:30:04'),
(46, 3, 14, 1, 'chat', 0, '2017-01-16 17:30:17'),
(47, 9, 16, 1, 'visit', 25, '2017-01-17 12:40:51'),
(48, 9, 16, 0, 'like', 0, '2017-01-17 12:34:41'),
(49, 16, 9, 0, 'visit', 26, '2017-01-17 12:35:17'),
(50, 16, 9, 0, 'likeback', 0, '2017-01-17 12:35:17'),
(51, 9, 16, 1, 'chat', 0, '2017-01-17 12:39:33'),
(52, 16, 9, 0, 'chat', 0, '2017-01-17 12:38:51'),
(53, 1, 16, 1, 'visit', 27, '2017-01-17 12:53:30'),
(54, 5, 16, 1, 'visit', 28, '2017-01-17 12:47:23'),
(55, 2, 16, 1, 'visit', 29, '2017-01-17 12:49:13'),
(56, 1, 16, 0, 'like', 0, '2017-01-17 12:51:10'),
(57, 16, 1, 0, 'visit', 30, '2017-01-17 12:51:20'),
(58, 16, 1, 0, 'likeback', 0, '2017-01-17 12:51:20'),
(59, 16, 1, 0, 'chat', 0, '2017-01-17 12:54:12'),
(60, 1, 16, 1, 'chat', 0, '2017-01-17 12:52:38'),
(61, 17, 18, 0, 'visit', 31, '2017-01-17 13:09:23'),
(62, 17, 18, 0, 'like', 0, '2017-01-17 13:09:23'),
(63, 18, 17, 0, 'visit', 32, '2017-01-17 13:09:33'),
(64, 18, 17, 0, 'likeback', 0, '2017-01-17 13:09:33'),
(65, 18, 17, 0, 'chat', 0, '2017-01-17 13:13:40'),
(66, 17, 18, 0, 'chat', 0, '2017-01-17 13:13:54'),
(67, 17, 1, 0, 'visit', 33, '2017-01-17 14:45:59'),
(68, 3, 20, 1, 'visit', 34, '2017-01-17 15:14:30'),
(69, 19, 20, 0, 'visit', 35, '2017-01-17 15:14:36'),
(70, 19, 20, 0, 'like', 0, '2017-01-17 15:14:36'),
(71, 20, 19, 0, 'visit', 36, '2017-01-17 15:14:48'),
(72, 20, 19, 0, 'likeback', 0, '2017-01-17 15:14:48'),
(73, 20, 19, 1, 'chat', 0, '2017-01-17 15:15:42'),
(74, 19, 20, 0, 'chat', 0, '2017-01-17 15:15:39'),
(75, 18, 1, 1, 'visit', 37, '2017-01-17 15:36:50'),
(76, 19, 21, 1, 'visit', 38, '2017-01-17 16:42:49');

-- --------------------------------------------------------

--
-- Structure de la table `pictures`
--

CREATE TABLE `pictures` (
  `id` int(11) NOT NULL,
  `id_owner` int(11) NOT NULL,
  `date` datetime DEFAULT CURRENT_TIMESTAMP,
  `src` varchar(255) DEFAULT NULL,
  `ismainpic` tinyint(1) UNSIGNED DEFAULT '0' COMMENT 'Value for main picture'
) ENGINE=InnoDB DEFAULT CHARSET=latin1;

--
-- Contenu de la table `pictures`
--

INSERT INTO `pictures` (`id`, `id_owner`, `date`, `src`, `ismainpic`) VALUES
(1, 2, '2017-01-06 11:49:38', '../uploads/2/a6fe80a804b5cca260f8b9f8ea5f2d59.png', 1),
(3, 3, '2017-01-06 17:22:27', '../uploads/3/FAZx2tQ7.jpg', 1),
(4, 5, '2017-01-06 17:33:12', '../uploads/5/1474478929210.png', 1),
(5, 6, '2017-01-06 17:35:52', '../uploads/6/1477914347269.png', 1),
(6, 7, '2017-01-06 17:36:54', '../uploads/7/242730618020954133.png', 1),
(7, 8, '2017-01-06 17:38:00', '../uploads/8/Arbiter_SC1_Head1.png', 1),
(8, 9, '2017-01-06 17:40:07', '../uploads/9/berserk__puck_by_izumizagari-d5f10x0.jpg', 1),
(9, 10, '2017-01-10 16:15:59', '../uploads/10/hey.png', 0),
(10, 11, '2017-01-10 16:37:44', '../uploads/11/Rasmus.png', 1),
(11, 1, '2017-01-16 14:16:59', '../uploads/1/1477906899371.jpg', 1),
(12, 12, '2017-01-16 16:37:14', '../uploads/12/daggoth01.jpg', 1),
(13, 12, '2017-01-16 16:37:20', '../uploads/12/daggoth02.jpg', 0),
(14, 10, '2017-01-16 16:40:24', '../uploads/10/zasz01.jpg', 1),
(15, 13, '2017-01-16 16:51:09', '../uploads/13/fenix01.jpg', 0),
(16, 13, '2017-01-16 16:51:13', '../uploads/13/fenix02.jpg', 1),
(17, 14, '2017-01-16 16:56:16', '../uploads/14/raynor.jpg', 1),
(18, 15, '2017-01-16 17:04:08', '../uploads/15/emperor.jpg', 1),
(19, 16, '2017-01-17 12:30:45', '../uploads/16/1474525439797.png', 1),
(20, 17, '2017-01-17 13:07:51', '../uploads/17/baku.jpeg', 1),
(21, 18, '2017-01-17 13:09:19', '../uploads/18/zergling_by_cygnusleo-d31zq7m.jpg', 1),
(23, 20, '2017-01-17 15:14:09', '../uploads/20/Sanic_Hegehog.jpg', 1),
(24, 21, '2017-01-17 16:42:17', '../uploads/21/tomba.jpg', 1),
(25, 19, '2017-01-17 16:44:50', '../uploads/19/rsz_xan_kriegor_by_jeriffshacob-d7xcl46.jpg', 1);

-- --------------------------------------------------------

--
-- Structure de la table `popularity`
--

CREATE TABLE `popularity` (
  `id` int(11) NOT NULL,
  `id_owner` int(11) NOT NULL,
  `score` int(11) NOT NULL DEFAULT '0'
) ENGINE=InnoDB DEFAULT CHARSET=latin1;

--
-- Contenu de la table `popularity`
--

INSERT INTO `popularity` (`id`, `id_owner`, `score`) VALUES
(1, 1, 18),
(2, 2, 5),
(3, 3, 8),
(4, 5, 2),
(5, 6, 0),
(6, 7, 14),
(7, 8, 13),
(8, 9, 3),
(9, 10, 6),
(10, 11, 4),
(11, 12, 0),
(12, 13, 0),
(13, 14, 3),
(14, 15, 0),
(15, 16, 6),
(16, 17, 4),
(17, 18, 4),
(18, 19, 4),
(19, 20, 3),
(20, 21, 0);

-- --------------------------------------------------------

--
-- Structure de la table `users`
--

CREATE TABLE `users` (
  `id` int(11) NOT NULL,
  `login` varchar(32) NOT NULL,
  `firstName` varchar(32) NOT NULL,
  `lastName` varchar(32) NOT NULL,
  `birthDate` date NOT NULL,
  `password` char(128) NOT NULL,
  `gender` char(1) DEFAULT NULL,
  `email` varchar(255) NOT NULL,
  `hash` varchar(128) DEFAULT NULL,
  `isactive` tinyint(1) NOT NULL DEFAULT '1',
  `bio` text,
  `sexuality` char(8) DEFAULT 'bi',
  `created_at` datetime NOT NULL,
  `updated_at` datetime NOT NULL,
  `rank` int(11) NOT NULL DEFAULT '0',
  `longitude` decimal(9,6) DEFAULT NULL COMMENT 'Longitude',
  `latitude` decimal(9,6) DEFAULT NULL COMMENT 'Latitude',
  `map` tinyint(1) NOT NULL DEFAULT '0' COMMENT 'If user has allowed geoloc'
) ENGINE=InnoDB DEFAULT CHARSET=latin1;

--
-- Contenu de la table `users`
--

INSERT INTO `users` (`id`, `login`, `firstName`, `lastName`, `birthDate`, `password`, `gender`, `email`, `hash`, `isactive`, `bio`, `sexuality`, `created_at`, `updated_at`, `rank`, `longitude`, `latitude`, `map`) VALUES
(1, 'Glioburd', 'Guilhem', 'Sauvaire', '1988-11-30', '$2y$10$TOVXii.u0KeX7cZwudFPdOX/ZihpmRGUnZhRpOdldQQVdQSyDQoBy', 'm', 'glioburd@gmail.com', '75abc0f5f29c1b7cf236852c434429cb', 1, 'Glioburd Glioburd Glioburd Glioburd Glioburd Glioburd Glioburd ', 'bi', '2017-01-06 11:48:03', '2017-01-17 17:16:33', 0, '2.269700', '48.884600', 1),
(2, 'Tassz', 'Tasszyo', 'Taszzyi', '1989-11-30', '$2y$10$68M/iHwGR/ZclhzRlLQnpuSDsiQaDB9nX/bmMIRXJiS5B1UrXcuOO', 'f', 'tasszkeke@gmail.com', NULL, 1, 'Tassz Tassz Tassz Tassz Tassz Tassz Tassz Tassz ', 'hetero', '2017-01-06 11:48:44', '2017-01-13 18:43:14', 0, '2.169700', '48.784600', 1),
(3, 'LaLoliDuSite', 'Jim', 'Jim', '1992-11-30', '$2y$10$XjfqtRF443MvVlRGfa4DduBJyznysJ62ubXxFAKsblE57sFDcO4Py', 'f', 'jim@jim.com', NULL, 1, 'desu desu desu desu desu desu desu desu desu desu desu desu desu desu desu desu desu ', 'bi', '2017-01-06 17:21:48', '2017-01-16 17:30:40', 0, '2.219839', '46.923763', 1),
(5, 'Bomberman', 'bomber', 'man', '1997-11-30', '$2y$10$930OrUsW5QqjkAqCEC5TNu1.qDo5OwZzMTWc6/rIlFkoP2DpvJZ0i', 'm', 'bomberman@gg.com', NULL, 1, 'Bomber bomberBomber bomberBomber bomber', 'bi', '2017-01-06 17:32:13', '2017-01-13 18:43:14', 0, '2.318324', '48.896720', 1),
(6, 'Marisa', 'Marisa', 'Kirisame', '1995-11-30', '$2y$10$OciD9fM0yvRjCITC7x5LD.cfs3RsCdnbThtEfgjMF0kQOdfhHg4Q6', 'f', 'Kirisame@marisa.com', NULL, 1, 'Marisa marisa Marisa marisa Marisa marisa Marisa marisa Marisa marisa ', 'bi', '2017-01-06 17:35:12', '2017-01-13 18:43:14', 0, '2.318330', '48.896725', 1),
(7, 'Candyman', 'Candy', 'Man', '1989-11-28', '$2y$10$S2KblGFBU6yz6soP/EBDRODmYtFGjyMDWmGAcC7V1fDNi.UAy9Y3C', 'm', 'candy@ll.com', NULL, 1, 'Candyman Candyman Candyman Candyman Candyman Candyman ', 'bi', '2017-01-06 17:36:24', '2017-01-16 16:39:03', 0, '2.318328', '48.896693', 1),
(8, 'Aldaris', 'Alda', 'Ris', '1992-10-31', '$2y$10$8dwou/EOLhre.lbNvSudPOtNLEEpRNbexpHmQiZfNpXuDOkc4JJve', 'm', 'alda@alda.com', NULL, 1, 'Aldaris Aldaris Aldaris Aldaris Aldaris Aldaris Aldaris Aldaris ', 'bi', '2017-01-06 17:37:28', '2017-01-13 18:43:14', 0, '2.318315', '48.896692', 1),
(9, 'PuckSama', 'Puck', 'Sama', '1996-12-31', '$2y$10$aq.9GUA/.2UeYkJ1t7PBle82TT0P3.eWCd39ZHDa1EsunsJKB6FXm', 'm', 'pucksama@gpgp.cp', NULL, 1, 'Puck Puck Puck Puck Puck Puck Puck Puck Puck ', 'bi', '2017-01-06 17:39:22', '2017-01-17 12:39:43', 0, '2.318281', '48.896715', 1),
(10, 'Zasz', 'Baku', 'Baku', '1995-11-30', '$2y$10$yaonocgXg9NhsfyWsr6vuu1AYmASUpBKMM50sN2LF6DJZGErobDNO', 'm', 'poipoi@poipoi.com', NULL, 1, 'PIPOIPIPOIPOIPOIPOIPOIPIPOIPOI', 'homo', '2017-01-10 15:54:11', '2017-01-16 16:58:04', 0, '3.570557', '47.580000', 1),
(11, 'poi', 'poi', 'pi', '1993-11-30', '$2y$10$diwxFJC6bqd0P/I0fGrHFOvwJ9cadyacjBNjUno7SzA2aAP86qcTa', 'm', 'poi@poi.com', NULL, 1, 'Poi poi poi poi pi poi poi', 'hetero', '2017-01-10 16:27:34', '2017-01-13 18:53:43', 0, '0.076904', '42.843751', 1),
(12, 'Daggoth', 'Daggoth', 'Swarmy', '1998-03-18', '$2y$10$agzU5yBpG5gL3auJEZyX7uRBjpc7DqpV5cPzc82Ik6gjacQtRm79m', 'm', 'daggoth@char.com', NULL, 1, 'Re-position your Overlords, Cerebrate! They\'ve fallen out of place!', 'bi', '2017-01-16 15:36:26', '2017-01-16 16:40:44', 0, '2.319287', '48.891986', 1),
(13, 'Fenix', 'Fenix', 'Praetor', '1995-11-27', '$2y$10$J.20mgDxEZh7A1JBPfESC.6G1k2ebxLHVk9tEjoJnkfX4zeDpV7X6', 'm', 'fenix@char.com', NULL, 1, 'The Khala awaits me, Kerrigan. And although I am prepared to face my destiny, you\'ll not find me easy prey!', 'hetero', '2017-01-16 16:47:59', '2017-01-16 16:51:31', 0, '2.269700', '48.884600', 0),
(14, 'Jim_Raynor', 'Jim', 'Raynor', '1979-10-29', '$2y$10$vkN4Z55icnKTJNwaWVpr4efYic2dp6sH1OF/Kfol80lchXcPXFxri', 'm', 'jimmy@jimmy.com', NULL, 1, 'This is Jimmy, right on!', 'hetero', '2017-01-16 16:54:20', '2017-01-16 17:45:46', 0, '4.680176', '50.660126', 1),
(15, 'The_EMPEROR', 'Joseph', 'Pasternak', '1920-08-13', '$2y$10$yJrw7Pkt4SAlN2DuX0GMLuRjamDF8v7tNWzh1EOyzX3Xa4TtPgSSy', 'm', 'emperor@char.com', NULL, 1, 'Hi, I\'m the Emperor of humanity.', 'homo', '2017-01-16 17:01:20', '2017-01-16 18:27:02', 0, '2.219839', '46.923763', 1),
(16, 'Earthworm_Jim', 'bob', 'dylan', '1986-03-01', '$2y$10$bsSM.ZgufQ9mHLrZCPMNluBxLNPmOiSE4.B.inogulU5Nt6Gq9w8a', 'm', 'haslihilun@housat.com', NULL, 1, 'Hello world Bonjour monde hahah', 'homo', '2017-01-17 12:27:24', '2017-01-17 17:16:51', 0, '10.195313', '50.995175', 1),
(17, 'Bakuryu', 'Kisame', 'Ochigakitamere', '1988-07-23', '$2y$10$jFp.qP1UGaQ2qaGaj7RmRexZyGitR9.IZLPtW9LSeH3f1f78H2qRy', 'm', 'baku@baku.com', NULL, 1, 'Baku Baku Baku Baku Baku Baku Baku Baku Baku Baku Baku Baku Baku Baku Baku Baku Baku Baku ', 'bi', '2017-01-17 13:06:05', '2017-01-17 14:59:05', 0, '2.319287', '48.891986', 1),
(18, 'A_zergling', 'Krrrsh', 'kdsfodiufsdog', '1991-09-25', '$2y$10$epqKIX1v7m2yrTJIadAfRO0hgzrnnHma1YhPs4Nzm3baIj0ZiCXWK', 'f', 'zergling@gmail.com', NULL, 1, 'Zergling Zergling Zergling Zergling Zergling Zergling Zergling ', 'hetero', '2017-01-17 13:08:30', '2017-01-17 14:22:48', 0, '2.269700', '48.884600', 0),
(19, 'Xan_Kriegor', 'Xan', 'Kriegor', '1920-01-08', '$2y$10$RpoURYYG/Xvwr/wrCpGfa.QFk0KHLJpHpPzdrYEYW1a5NUVyL3UWq', 'm', 'xan@char.com', NULL, 1, 'Xan Xan Xan Xan Xan Xan Xan Xan Xan Xan ', 'bi', '2017-01-17 15:11:36', '2017-01-17 16:45:08', 0, '2.269700', '48.884600', 0),
(20, 'Sanic', 'Sanic', 'edjog', '1990-08-07', '$2y$10$P7HxXjR4c3ZqI13EzCyayO3TOye5ROqAoDZ8Tr4FZd0H9eX4b8ZZi', 'm', 'sanic@sanic.com', NULL, 1, 'GOTA GO FAST CMON STEP IT UP', 'hetero', '2017-01-17 15:13:29', '2017-01-17 16:45:06', 0, '2.269700', '48.884600', 0),
(21, 'Tomba', 'TOMBI', 'TOMBA', '1990-02-10', '$2y$10$/YBiEb9bRHswQQ.P6qJTD./ScUO6UFfqBjGeCx2n2VtIaNd2HTLHO', 'm', 'tomba@char.com', NULL, 1, 'TOMBI! TOMBA! TOMBI! TOMBA! TOMBI! TOMBA! TOMBI! TOMBA! TOMBI! TOMBA!', 'homo', '2017-01-17 16:21:39', '2017-01-17 17:13:32', 0, '21.533203', '6.140555', 1);

-- --------------------------------------------------------

--
-- Structure de la table `visitors`
--

CREATE TABLE `visitors` (
  `id` int(11) NOT NULL,
  `id_owner` int(11) NOT NULL,
  `id_visitor` int(11) NOT NULL,
  `visited_at` datetime NOT NULL DEFAULT CURRENT_TIMESTAMP
) ENGINE=InnoDB DEFAULT CHARSET=latin1;

--
-- Contenu de la table `visitors`
--

INSERT INTO `visitors` (`id`, `id_owner`, `id_visitor`, `visited_at`) VALUES
(1, 1, 2, '2017-01-06 11:50:18'),
(2, 2, 1, '2017-01-06 11:50:12'),
(3, 8, 1, '2017-01-16 18:26:32'),
(4, 9, 1, '2017-01-13 18:20:36'),
(5, 7, 1, '2017-01-16 12:05:28'),
(6, 1, 3, '2017-01-16 12:08:15'),
(7, 10, 1, '2017-01-13 15:47:49'),
(8, 10, 11, '2017-01-10 17:28:55'),
(9, 11, 1, '2017-01-13 19:31:14'),
(10, 1, 11, '2017-01-13 12:11:01'),
(11, 1, 9, '2017-01-13 14:47:20'),
(12, 1, 10, '2017-01-13 15:49:04'),
(13, 7, 10, '2017-01-13 16:17:47'),
(14, 5, 1, '2017-01-16 12:05:30'),
(15, 3, 1, '2017-01-17 12:39:51'),
(16, 8, 3, '2017-01-16 12:08:06'),
(17, 11, 3, '2017-01-16 12:08:11'),
(18, 7, 3, '2017-01-16 12:08:13'),
(19, 10, 12, '2017-01-16 16:39:35'),
(20, 3, 13, '2017-01-16 16:51:31'),
(21, 10, 15, '2017-01-16 17:32:29'),
(22, 2, 14, '2017-01-16 17:21:40'),
(23, 3, 14, '2017-01-16 17:30:11'),
(24, 14, 3, '2017-01-16 17:29:58'),
(25, 9, 16, '2017-01-17 12:40:51'),
(26, 16, 9, '2017-01-17 12:37:21'),
(27, 1, 16, '2017-01-17 12:54:45'),
(28, 5, 16, '2017-01-17 12:47:38'),
(29, 2, 16, '2017-01-17 12:49:13'),
(30, 16, 1, '2017-01-17 12:51:25'),
(31, 17, 18, '2017-01-17 13:09:41'),
(32, 18, 17, '2017-01-17 13:09:33'),
(33, 17, 1, '2017-01-17 14:45:59'),
(34, 3, 20, '2017-01-17 15:14:30'),
(35, 19, 20, '2017-01-17 15:14:55'),
(36, 20, 19, '2017-01-17 15:14:48'),
(37, 18, 1, '2017-01-17 15:59:17'),
(38, 19, 21, '2017-01-17 16:43:00');

--
-- Index pour les tables exportées
--

--
-- Index pour la table `users`
--
ALTER TABLE `users`
  AUTO_INCREMENT=30;

--
-- Index pour la table `blocks`
--
ALTER TABLE `blocks`
  ADD PRIMARY KEY (`id`),
  ADD KEY `id_blocked` (`id_blocked`),
  ADD KEY `id_blocker` (`id_blocker`);

--
-- Index pour la table `chat`
--
ALTER TABLE `chat`
  ADD PRIMARY KEY (`id`),
  ADD KEY `id_poster` (`id_poster`),
  ADD KEY `id_receptor` (`id_receptor`);

--
-- Index pour la table `hobbies`
--
ALTER TABLE `hobbies`
  ADD PRIMARY KEY (`id`),
  ADD KEY `id_owner` (`id_owner`);

--
-- Index pour la table `likes`
--
ALTER TABLE `likes`
  ADD PRIMARY KEY (`id`),
  ADD KEY `id_owner` (`id_owner`),
  ADD KEY `id_liker` (`id_liker`);

--
-- Index pour la table `notifications`
--
ALTER TABLE `notifications`
  ADD PRIMARY KEY (`id`),
  ADD KEY `id_owner` (`id_owner`),
  ADD KEY `id_sender` (`id_sender`);

--
-- Index pour la table `pictures`
--
ALTER TABLE `pictures`
  ADD PRIMARY KEY (`id`),
  ADD KEY `id_owner` (`id_owner`);

--
-- Index pour la table `popularity`
--
ALTER TABLE `popularity`
  ADD PRIMARY KEY (`id`),
  ADD KEY `id_owner` (`id_owner`);

--
-- Index pour la table `users`
--
ALTER TABLE `users`
  ADD PRIMARY KEY (`id`);

--
-- Index pour la table `visitors`
--
ALTER TABLE `visitors`
  ADD PRIMARY KEY (`id`),
  ADD KEY `id_owner` (`id_owner`),
  ADD KEY `id_visitor` (`id_visitor`);

--
-- AUTO_INCREMENT pour les tables exportées
--

--
-- AUTO_INCREMENT pour la table `blocks`
--
ALTER TABLE `blocks`
  MODIFY `id` int(11) NOT NULL AUTO_INCREMENT, AUTO_INCREMENT=3;
--
-- AUTO_INCREMENT pour la table `chat`
--
ALTER TABLE `chat`
  MODIFY `id` int(11) NOT NULL AUTO_INCREMENT, AUTO_INCREMENT=367;
--
-- AUTO_INCREMENT pour la table `hobbies`
--
ALTER TABLE `hobbies`
  MODIFY `id` int(11) NOT NULL AUTO_INCREMENT, AUTO_INCREMENT=21;
--
-- AUTO_INCREMENT pour la table `likes`
--
ALTER TABLE `likes`
  MODIFY `id` int(11) NOT NULL AUTO_INCREMENT, AUTO_INCREMENT=25;
--
-- AUTO_INCREMENT pour la table `notifications`
--
ALTER TABLE `notifications`
  MODIFY `id` int(11) NOT NULL AUTO_INCREMENT, AUTO_INCREMENT=77;
--
-- AUTO_INCREMENT pour la table `pictures`
--
ALTER TABLE `pictures`
  MODIFY `id` int(11) NOT NULL AUTO_INCREMENT, AUTO_INCREMENT=26;
--
-- AUTO_INCREMENT pour la table `popularity`
--
ALTER TABLE `popularity`
  MODIFY `id` int(11) NOT NULL AUTO_INCREMENT, AUTO_INCREMENT=21;
--
-- AUTO_INCREMENT pour la table `users`
--
ALTER TABLE `users`
  MODIFY `id` int(11) NOT NULL AUTO_INCREMENT, AUTO_INCREMENT=22;
--
-- AUTO_INCREMENT pour la table `visitors`
--
ALTER TABLE `visitors`
  MODIFY `id` int(11) NOT NULL AUTO_INCREMENT, AUTO_INCREMENT=39;
--
-- Contraintes pour les tables exportées
--

--
-- Contraintes pour la table `blocks`
--
ALTER TABLE `blocks`
  ADD CONSTRAINT `blocks_ibfk_1` FOREIGN KEY (`id_blocked`) REFERENCES `users` (`id`) ON DELETE CASCADE,
  ADD CONSTRAINT `blocks_ibfk_2` FOREIGN KEY (`id_blocker`) REFERENCES `users` (`id`) ON DELETE CASCADE;

--
-- Contraintes pour la table `chat`
--
ALTER TABLE `chat`
  ADD CONSTRAINT `chat_ibfk_1` FOREIGN KEY (`id_poster`) REFERENCES `users` (`id`) ON DELETE CASCADE,
  ADD CONSTRAINT `chat_ibfk_2` FOREIGN KEY (`id_receptor`) REFERENCES `users` (`id`) ON DELETE CASCADE;

--
-- Contraintes pour la table `hobbies`
--
ALTER TABLE `hobbies`
  ADD CONSTRAINT `hobbies_ibfk_1` FOREIGN KEY (`id_owner`) REFERENCES `users` (`id`) ON DELETE CASCADE;

--
-- Contraintes pour la table `likes`
--
ALTER TABLE `likes`
  ADD CONSTRAINT `likes_ibfk_1` FOREIGN KEY (`id_owner`) REFERENCES `users` (`id`) ON DELETE CASCADE,
  ADD CONSTRAINT `likes_ibfk_2` FOREIGN KEY (`id_liker`) REFERENCES `users` (`id`) ON DELETE CASCADE;

--
-- Contraintes pour la table `notifications`
--
ALTER TABLE `notifications`
  ADD CONSTRAINT `notifications_ibfk_1` FOREIGN KEY (`id_owner`) REFERENCES `users` (`id`) ON DELETE CASCADE,
  ADD CONSTRAINT `notifications_ibfk_2` FOREIGN KEY (`id_sender`) REFERENCES `users` (`id`) ON DELETE CASCADE;

--
-- Contraintes pour la table `pictures`
--
ALTER TABLE `pictures`
  ADD CONSTRAINT `pictures_ibfk_1` FOREIGN KEY (`id_owner`) REFERENCES `users` (`id`) ON DELETE CASCADE;

--
-- Contraintes pour la table `popularity`
--
ALTER TABLE `popularity`
  ADD CONSTRAINT `popularity_ibfk_1` FOREIGN KEY (`id_owner`) REFERENCES `users` (`id`) ON DELETE CASCADE;

--
-- Contraintes pour la table `visitors`
--
ALTER TABLE `visitors`
  ADD CONSTRAINT `visitors_ibfk_1` FOREIGN KEY (`id_owner`) REFERENCES `users` (`id`) ON DELETE CASCADE,
  ADD CONSTRAINT `visitors_ibfk_2` FOREIGN KEY (`id_visitor`) REFERENCES `users` (`id`) ON DELETE CASCADE;

/*!40101 SET CHARACTER_SET_CLIENT=@OLD_CHARACTER_SET_CLIENT */;
/*!40101 SET CHARACTER_SET_RESULTS=@OLD_CHARACTER_SET_RESULTS */;
/*!40101 SET COLLATION_CONNECTION=@OLD_COLLATION_CONNECTION */;
